source_type,source_id,subreddit,text_excerpt,source_url,matched_terms,matched_rule_groups,v1_travel_score,v1_saas_opportunity_score,v1_app_opportunity_score,predicted_domain,predicted_score,predicted_tier,predicted_decision,sample_stratum,label_travel,label_saas_opportunity,label_app_opportunity,false_positive_category,label_notes
comment,ghnmrf6,adops,"I work at Adswerve. We would be happy to talk through our approach, offering and ways we can partner together. We have helped tens of thousands of advertisers get up and running on DV360 + the rest of the GMP stack over our 11 years in business. We have flexible engagements which can vary from essential platform support for DV360 all the way to fully managed media. We also offer flexible hourly consulting blocks for those times when you may need a bit more strategic guidance around planning, inventory discovery and/or attribution modeling and analytics. Feel free to message me directly here or email [sales@adswerve.com](mailto:sales@adswerve.com). Thanks and Happy New Year!",https://www.reddit.com/comments/knaihz/_/ghnmrf6,"[""platform"",""inventory""]","[""product_and_tool_language"",""business_workflow_language""]",0.0,0.6,0.35,saas_opportunity,0.6,B,retain,retain,0,0,0,generic_product_mention,codex-agent reviewed under market-research-relevance-v1 on 2026-06-14
comment,ghnnj86,PoliticalCompassMemes,"What strawman? Go to any Libshit this side of the galaxy and listen to their take on mass-immigration. Also, way to completely ignore the 60-some-odd percent of my last reply that based the majority of my argument in the current state of the USA and how immigration does not benefit it, nor does it stand to add anything to it currently. Again, more deliberate omission and misconstruing. When analyzing how the US has not only been affected by the Covid-19 pandemic, but free trade as well, why is it at all difficult to discern why a nation should prioritize accommodating its own over newcomers? I've intentionally dropped the ""This land is my land, chest-thumping patriotism"" position specifically to accommodate your argumentative framework, and you've still not only done an absolute shit job at arguing it, you've seemed to have ignored it entirely.",https://www.reddit.com/comments/knpo76/_/ghnnj86,"[""difficult to"",""immigration""]","[""pain_language"",""travel_language""]",0.65,0.15,0.25,travel,0.65,B,retain,retain,0,0,0,political_immigration,codex-agent reviewed under market-research-relevance-v1 on 2026-06-14
comment,ghnnldc,BATProject,"Maybe im wrong on this, but I don't think those projections hold too much weight. I don't think it factors in forces of scale. Things like the self service dashboard, publisher ads, and more location granularity can all increase the scale immensely. You could be doing a 50x on how much inventory you can serve. Its like going from chopping down a tree with a logger instead of a shovel.",https://www.reddit.com/comments/knvoo2/_/ghnnldc,"[""dashboard"",""inventory""]","[""product_and_tool_language"",""business_workflow_language""]",0.0,0.6,0.35,saas_opportunity,0.6,B,retain,retain,0,0,0,generic_product_mention,codex-agent reviewed under market-research-relevance-v1 on 2026-06-14
comment,ghnnpu1,paypal,"&gt; Since Paypal lets us add currency via vanilla VISA/MC Gift Cards

You can add a gift card but it’s prohibited to cash them out to your PayPal balance. The gift cards can be linked and selected as funding source for one-time purchases. Gift cards are not recommended or allowed for use with recurring payments because the amount of funds available is limited and could disrupt services if one forgets to update with a new gift card.

More info:

https://www.paypal.com/us/webapps/mpp/template-management/prepaid-gift-cards

Gift cards also have to be registered preferably with full billing address.",https://www.reddit.com/comments/ko0upn/_/ghnnpu1,"[""visa"",""billing""]","[""travel_language"",""pricing_and_payment""]",0.6,0.2,0.25,travel,0.6,B,retain,retain,0,0,0,payment_brand_visa,codex-agent reviewed under market-research-relevance-v1 on 2026-06-14
comment,ghnnvge,solotravel,"Problems: sometimes if your hostel friend or group of hostel friends leave before you, it may feel like super boring for a while. Especially when you’re eating by yourself. That’s literally the only problem I’ve faced so far. But that is temporary.

Reasons:
The freedom that comes with traveling alone is a very big reason for me.
Opportunity to meet new interesting people is also a great reason.
If you’re traveling in a group, you’ll never or rarely meet other solo travelers.",https://www.reddit.com/comments/knz0t5/_/ghnnvge,"[""hostel""]","[""travel_language""]",0.65,0.1,0.2,travel,0.65,B,retain,retain,1,0,0,,codex-agent reviewed under market-research-relevance-v1 on 2026-06-14
comment,ghnny3i,onebag,"Tripit to compile the itinerary, maps through airports and to hotels etc booked. Tripit also has a risk assessment for various neighbourhoods. It's new, so I don't know how reliable. You just forward all booking emails from carriers, hotels etc, and tripit sorts them into a single itinerary.

Google maps or Transit for getting around.

Airline apps for booking flights and hotels (get FF points).

Xe.com for exchange rate info.

Citibank for low fee exchange rates, transit fares where they accept cards in payment, and cash out. (Alternatives are Transferwise).

Google maps for a first look for eateries nearby.

Kindle for the boring trips.",https://www.reddit.com/comments/kntg66/_/ghnny3i,"[""itinerary"",""airline"",""booking"",""payment""]","[""travel_language"",""pricing_and_payment""]",0.75,0.3,0.35,travel,0.75,B,retain,retain,1,0,0,,codex-agent reviewed under market-research-relevance-v1 on 2026-06-14
comment,ghnnyya,California,"Spot on. Just look at cal state parks. $40 a night campsites and a billion dollar maintenance backlog. Tarped roofs, aged out water systems, roads abandoned to rockslides etc. While paying trades workers 1/2 the wage of their private sector counterparts and getting taken for a ride on one contract after the next. The state literally cannot do what pge does, the power would actually turn off. People think that a resource agency could just... flip a switch, and take over thousands of miles of veg mgmt are dreaming. Not to mention the repairs, customer service, just the billing alone would be a task what with the 20 year old software they are running all their ancient networks on...",https://www.reddit.com/comments/knuzfj/_/ghnnyya,"[""software"",""billing"",""customer service""]","[""product_and_tool_language"",""pricing_and_payment"",""comparison_and_dissatisfaction""]",0.0,0.6,0.65,app_opportunity,0.65,B,retain,retain,0,0,0,,codex-agent reviewed under market-research-relevance-v1 on 2026-06-14
comment,ghnoa4r,equestriaatwar,"Yeah I'll be honest with you I've barely watched any of the actual show, just the parts I've been told were essential for understanding this mod. Idk, do they look sapient? If every land critter is sapient then no doubt the sea ones are too.

Humanity only really goes down the supremacist path later in the game. At the start, there's not really a reason for Celestia to intervene on the pony's behalf. Also, if she wanted to intervene then surely she'd intervene in Stalliongrad?

I suppose, but it is an unlikely one. Humanity would work best as a allied but independent power in the United Ponies Front.

Well clearly you can't harvest love IRL. Actual love is just something the brain decides it feels. From a purely scientific point of view, it's basically just a series of electrons passing through neurons. Nothing edible. Thus, the only way a Changeling could harvest love would be if love was some kind of magical energy that could actually be considered a physical substance. Humans have",https://www.reddit.com/comments/kj9nd0/_/ghnoa4r,"[""embassy"",""better than""]","[""travel_language"",""comparison_and_dissatisfaction""]",0.6,0.15,0.25,travel,0.6,B,retain,retain,0,0,0,lexical_ambiguity,codex-agent reviewed under market-research-relevance-v1 on 2026-06-14
comment,ghnoerc,RISCV,"I expect the same images used for HiFive Unleashed will work -- but there's no way to know until it actually ships in two months from now.

[https://dl.fedoraproject.org/pub/alt/risc-v/repo/virt-builder-images/images/](https://dl.fedoraproject.org/pub/alt/risc-v/repo/virt-builder-images/images/)

At most, any changes should be in FSBL or SBI, not in the Linux Kernel or userland.

Some speed gains would be available by rebuilding packages with instruction scheduling for the U74 but probably not much, and that goes against your apparent desire to use a generic RISC-V distribution anyway.

It would not surprise me to see some software releases in March once the board is shipping.",https://www.reddit.com/comments/ko0x36/_/ghnoerc,"[""software"",""scheduling""]","[""product_and_tool_language"",""business_workflow_language""]",0.0,0.6,0.35,saas_opportunity,0.6,B,retain,retain,0,0,0,generic_product_mention,codex-agent reviewed under market-research-relevance-v1 on 2026-06-14
comment,ghnofdn,AmItheAsshole,"JFC. YTA

Do you know how awful it is get phone calls from people you don't know? Ive had sales jobs where women werent allowed to have our mobile numbers on our business cards. That's real fucking handy when you are in sales.  I've had people hand out my number to people without fucking checking if it was OK. I've had all number of fucking weirdos find me at my actual fucking house because someone thought it wasn't a big fucking deal.

Even the fucking Police know to text me first if they need to come round. They stop at my 40cm dog gate and ask permission to enter and we are in a warrentless state due to Covid so they could tear through my house at any time they bloody well feel like. I have a golf club behind my kitchen door and a hockey stick under the stairs and a polo mallet in my room.

I've had people breach their parole conditions in the middle of a mental health episode turn up at my door at 2am and I will take them in and have them sleep on the couch and have a chat with t",https://www.reddit.com/comments/knliyo/_/ghnofdn,"[""passport"",""flight"",""customer service""]","[""travel_language"",""comparison_and_dissatisfaction""]",0.6,0.15,0.25,travel,0.6,B,retain,retain,0,0,0,,codex-agent reviewed under market-research-relevance-v1 on 2026-06-14
comment,ghnot2y,nsfwbuys,"I'm Freya, Premium Foot Fetish Model. I have varying content from..

•Photos: stockings, barefeet, soles, toes, heels indoor and outdoor.
-5 for $15/10 for $25 or $3 per photo. Customs: 5 for $20/10 for $30.

• Videos: suck, lick, tickle, taunt, tease, domination and masturbation.
-2 minute video $15/4 minute video for $30. Customs: 2min for $20/4min for $35.

•Sexting: includes 2 photos and one 2 minute video.
-15 minutes $25.

 •Domination services: verbal abuse, small penis humiliation, degrading, humiliation, orgasm control, chastity control, sissy play, and financial control to name a few.
-$25 initial tribute.


My content is not to be distributed in any manor. I do not do personal verification. I am verified through numerous Reddit channels and selling websites such as FeetFinder and OnlyFans. Content available only to 18+.

Contact:
Here through Reddit...
•Kik: feet_boudoir
•Snapchat: feet_boudoir
•OnlyFans: feet_boudoir

Payment Methods:
•CashApp.
•PayPal.
•Amazon Gif",https://www.reddit.com/comments/ko1cps/_/ghnot2y,"[""customs"",""payment""]","[""travel_language"",""pricing_and_payment""]",0.6,0.2,0.25,travel,0.6,B,retain,retain,0,0,0,lexical_ambiguity,codex-agent reviewed under market-research-relevance-v1 on 2026-06-14
comment,ghnotvo,FetishSelling,"I'm Freya, Premium Foot Fetish Model. I have varying content from..

•Photos: stockings, barefeet, soles, toes, heels indoor and outdoor.
-5 for $15/10 for $25 or $3 per photo. Customs: 5 for $20/10 for $30.

• Videos: suck, lick, tickle, taunt, tease, domination and masturbation.
-2 minute video $15/4 minute video for $30. Customs: 2min for $20/4min for $35.

•Sexting: includes 2 photos and one 2 minute video.
-15 minutes $25.

 •Domination services: verbal abuse, small penis humiliation, degrading, humiliation, orgasm control, chastity control, sissy play, and financial control to name a few.
-$25 initial tribute.


My content is not to be distributed in any manor. I do not do personal verification. I am verified through numerous Reddit channels and selling websites such as FeetFinder and OnlyFans. Content available only to 18+.

Contact:
Here through Reddit...
•Kik: feet_boudoir
•Snapchat: feet_boudoir
•OnlyFans: feet_boudoir

Payment Methods:
•CashApp.
•PayPal.
•Amazon Gif",https://www.reddit.com/comments/ko1chb/_/ghnotvo,"[""customs"",""payment""]","[""travel_language"",""pricing_and_payment""]",0.6,0.2,0.25,travel,0.6,B,retain,retain,0,0,0,lexical_ambiguity,codex-agent reviewed under market-research-relevance-v1 on 2026-06-14
comment,ghnouom,Sexsells,"I'm Freya, Premium Foot Fetish Model. I have varying content from..

•Photos: stockings, barefeet, soles, toes, heels indoor and outdoor.
-5 for $15/10 for $25 or $3 per photo. Customs: 5 for $20/10 for $30.

• Videos: suck, lick, tickle, taunt, tease, domination and masturbation.
-2 minute video $15/4 minute video for $30. Customs: 2min for $20/4min for $35.

•Sexting: includes 2 photos and one 2 minute video.
-15 minutes $25.

 •Domination services: verbal abuse, small penis humiliation, degrading, humiliation, orgasm control, chastity control, sissy play, and financial control to name a few.
-$25 initial tribute.


My content is not to be distributed in any manor. I do not do personal verification. I am verified through numerous Reddit channels and selling websites such as FeetFinder and OnlyFans. Content available only to 18+.

Contact:
Here through Reddit...
•Kik: feet_boudoir
•Snapchat: feet_boudoir
•OnlyFans: feet_boudoir

Payment Methods:
•CashApp.
•PayPal.
•Amazon Gif",https://www.reddit.com/comments/ko1c9s/_/ghnouom,"[""customs"",""payment""]","[""travel_language"",""pricing_and_payment""]",0.6,0.2,0.25,travel,0.6,B,retain,retain,0,0,0,lexical_ambiguity,codex-agent reviewed under market-research-relevance-v1 on 2026-06-14
comment,ghnovge,newzealand,"You’ll find more racism toward Maori.

Keep in mind anti immigration sentiment is different from anti immigrant sentiment.

I think you’re still angry about the thread yesterday where the guy got sent home. But believe me we’d be happy to see an English white guy get set home too. Fake relationships aren’t annoying due to the persons skin colour",https://www.reddit.com/comments/ko0yny/_/ghnovge,"[""annoying"",""immigration""]","[""pain_language"",""travel_language""]",0.65,0.15,0.25,travel,0.65,B,retain,retain,0,0,0,political_immigration,codex-agent reviewed under market-research-relevance-v1 on 2026-06-14
comment,ghnoyns,relationship_advice,"Time for a little bit of a rare answer I think. I’m a dude in my late 30s. I make under 40k a year. I can’t afford nice clothes, or a house, or fancy dates, all those things. For perspective, I won’t generally approach what I will term as “successful women” for a few reasons.

1) I’m poor, you’re not, expectations fall on the dude to be the breadwinner, even if that’s just the first expectation on a date.

2) because I’m poor, chances are we won’t have the same interests, specifically, travel. Yes, I have had a passport, but I couldn’t be bothered to renew it due to not having the spare financials, and knowing that the likelihood of me affording to even leave town to the coast for a long weekend is out of my budget, sorry. Chances are your lust for travel will put you at odds with me.

3) people with larger incomes than me are difficult to relate to. While they can worry about carbon offset of their vehicle, or their environmental footprint, all I know is, I need x, y, and z to make en",https://www.reddit.com/comments/knklic/_/ghnoyns,"[""difficult to"",""impossible to"",""passport"",""better than""]","[""pain_language"",""travel_language"",""comparison_and_dissatisfaction""]",0.75,0.3,0.4,travel,0.75,B,retain,retain,0,0,0,,codex-agent reviewed under market-research-relevance-v1 on 2026-06-14
comment,ghnp0k5,ApplyingToCollege,"No way to do it faster, but most schools let you self-report and only ask for the formal thing after admission. Check  [Colleges that Allow Self-Reporting of SAT and ACT Scores - Compass Education Group (compassprep.com)](https://www.compassprep.com/self-reporting-test-scores/) . If it isn't on there, try looking up if that specific college allows self-reporting. If so, you can just write your ACT in the Common App and be done with it.",https://www.reddit.com/comments/ko0xvj/_/ghnp0k5,"[""app"",""reporting""]","[""product_and_tool_language"",""business_workflow_language""]",0.0,0.6,0.35,saas_opportunity,0.6,B,retain,retain,0,1,0,,codex-agent reviewed under market-research-relevance-v1 on 2026-06-14
comment,ghnp47y,Conservative,"Problem isn’t banks necessarily, there are a lot of those. It’s the credit card processors Visa, MasterCard, Amex and discovery who control the market. When they act in unison, which they do quite a bit, they essentially prevent you from receiving any form of electronic payment. It’s a de facto monopoly.

And a company can’t just switch to a different one, because the customers are the ones who won’t be able to use their card to make a purchase.",https://www.reddit.com/comments/knwn8z/_/ghnp47y,"[""visa"",""payment""]","[""travel_language"",""pricing_and_payment""]",0.6,0.2,0.25,travel,0.6,B,retain,retain,0,0,0,payment_brand_visa,codex-agent reviewed under market-research-relevance-v1 on 2026-06-14
comment,ghnpg0r,galaxynote10,"Edit: Workaround is to switch to Samsung's own gestures (three pill) + One Hand Operation or the asoft buttons. This glitch is only with the Google type gestures.

It is MUCH better than on 2.5. However, on Nova there's this annoying bug where if you exit an app to the home screen, you have to wait about half a second to launch another app. If you press too fast the screen flashes and it does nothing. I don't know if this is limited to Nova or all third party launchers. I'll give it a try a bit lster with other launchers.

Edit: Same behaviour with other launchers.",https://www.reddit.com/comments/ko07oh/_/ghnpg0r,"[""annoying"",""workaround"",""app"",""better than""]","[""pain_language"",""workaround_language"",""product_and_tool_language"",""comparison_and_dissatisfaction""]",0.0,0.75,0.85,app_opportunity,0.85,A,retain,retain,0,0,1,,codex-agent reviewed under market-research-relevance-v1 on 2026-06-14
comment,ghnpi3e,Bitcoin,"If you are looking to Buy bitcoin with fiat money, then the methods available will differ based on a few factors:

- Where are you located (country)?
- How much are you looking to buy?
- What payment methods do you have available?
- How soon do you need access to the proceeds?
- Is financial privacy important?

Here's a useful comparison of exchanges in which you can filter on payment method:

- https://exchangewar.info &lt;-- Filter box for currency (e.g., EUR) or payment method (e.g., VISA)



First time buyers may like the convenience of an online store that sells bitcoin and accepts debit and/or credit card. I do not know which ones require ID verification/KYC beyond those marked as such. (e.g., [Bitsell X](https://bitsellx.com) [[💳](https://en.wikipedia.org/wiki/Credit_card)] [**NO-KYC**, requires browser extension], [CoinCorner](https://coincorner.com) [[💳](https://en.wikipedia.org/wiki/Credit_card)] [**NO-KYC** when £900 or less, not available in U.S.], [CEX.io](https://CEX.io.c",https://www.reddit.com/comments/knphl3/_/ghnpi3e,"[""app"",""extension"",""visa"",""payment""]","[""product_and_tool_language"",""travel_language"",""pricing_and_payment""]",0.6,0.45,0.6,app_opportunity,0.6,B,retain,retain,0,0,0,payment_brand_visa,codex-agent reviewed under market-research-relevance-v1 on 2026-06-14
comment,ghnppve,learnprogramming,"Second the comment about projects. A breadth of experience is important. If you can demonstrate how you work in a team project that is great too. Be able to talk about how do you get on with a execution lead/project manager, what processes do you go through with testers, SMEs and the customer to ensure issues are mitigated or resolved.

I'd also add learn about the tooling, which hopefully you will experience by involving yourself in projects. You don't have to target a specific tool, E.g. It doesn't matter if all you've used is SVN and the company you are going for uses Git, the fact that you understand the concepts of revision control is what is important. Understand that there are different style guides and demonstrate you can follow one of them.

Understand a couple of documentation styles, inline (Doxygen, Javadoc), formal (SDD, IDD, etc.). Understand the development, testing, change management, release process. Understand how CI and CD work and demonstrate it in your projects as",https://www.reddit.com/comments/knqtrl/_/ghnppve,"[""frustrating"",""software"",""doesn't work""]","[""pain_language"",""product_and_tool_language"",""comparison_and_dissatisfaction""]",0.0,0.55,0.65,app_opportunity,0.65,B,retain,retain,0,0,0,generic_product_mention,codex-agent reviewed under market-research-relevance-v1 on 2026-06-14
comment,ghnptba,Bitcoin,"&gt; I use cb pro to purchase

If you are looking to Buy bitcoin with fiat money, then the methods available will differ based on a few factors:

- Where are you located (country)?
- How much are you looking to buy?
- What payment methods do you have available?
- How soon do you need access to the proceeds?
- Is financial privacy important?

Here's a useful comparison of exchanges in which you can filter on payment method:

- https://exchangewar.info &lt;-- Filter box for currency (e.g., EUR) or payment method (e.g., VISA)



First time buyers may like the convenience of an online store that sells bitcoin and accepts debit and/or credit card. I do not know which ones require ID verification/KYC beyond those marked as such. (e.g., [Bitsell X](https://bitsellx.com) [[💳](https://en.wikipedia.org/wiki/Credit_card)] [**NO-KYC**, requires browser extension], [CoinCorner](https://coincorner.com) [[💳](https://en.wikipedia.org/wiki/Credit_card)] [**NO-KYC** when £900 or less, not available in",https://www.reddit.com/comments/knju21/_/ghnptba,"[""app"",""extension"",""visa"",""payment""]","[""product_and_tool_language"",""travel_language"",""pricing_and_payment""]",0.6,0.45,0.6,app_opportunity,0.6,B,retain,retain,0,0,0,payment_brand_visa,codex-agent reviewed under market-research-relevance-v1 on 2026-06-14
comment,ghnptmt,newzealand,I think alot of it stems from young people becoming more aware that immigration is creating a larger population and therefore making it much more difficult to get on the property ladder,https://www.reddit.com/comments/ko0yny/_/ghnptmt,"[""difficult to"",""immigration""]","[""pain_language"",""travel_language""]",0.65,0.15,0.25,travel,0.65,B,retain,retain,0,0,0,political_immigration,codex-agent reviewed under market-research-relevance-v1 on 2026-06-14
comment,ghnpzjx,hottoys,"Yeah the only reason I am gonna grab the SSC one is to get a couple missing accessories I need for my custom.

But there is no way SSC sculpts a head better than the customs.",https://www.reddit.com/comments/knqnbp/_/ghnpzjx,"[""customs"",""better than""]","[""travel_language"",""comparison_and_dissatisfaction""]",0.6,0.15,0.25,travel,0.6,B,retain,retain,0,0,0,lexical_ambiguity,codex-agent reviewed under market-research-relevance-v1 on 2026-06-14
comment,ghnqbsh,EIDL,"Currently you can only apply for an EIDL loan - the grant program hasn't started back up yet, and no one knows what's going to be involved yet or when exactly it will start.

Are you referring to starting that work in Sept 2019 or 2020?  Sept 2019 - yes you are eligible.  Sept 2020 - no.  Had to be started by 1/31/2020.  And you'll likely need to show some 2019 income and that you filed taxes reporting it, to prove you were doing it (like from a 1099).

If you are eligible, you'd use your name as it shows on your tax filings as both the legal name and the trade name, unless you have a ""DBA"" name - then that's your trade name.

And you probably should put ""1"" for the number of employees.  Technically you have ""0"" employees, but earlier in the EIDL program, the SBA considered solo biz owners to count as ""1"", and I expect they still do that.  See what others comment about it.

Do some research into what banks you might want to avoid when trying to get one of these EIDL business loans or",https://www.reddit.com/comments/ko12f2/_/ghnqbsh,"[""app"",""reporting""]","[""product_and_tool_language"",""business_workflow_language""]",0.0,0.6,0.35,saas_opportunity,0.6,B,retain,retain,0,0,0,,codex-agent reviewed under market-research-relevance-v1 on 2026-06-14
comment,ghnqkyw,BSD,"Something to add to the opinions of others:

- If you intend to use the system as a desktop with an AMD GPU, only FreeBSD and OpenBSD have the updated amdgpu.

- For desktop use, maybe OpenBSD has the most goodies, including the terminal not getting unusable when a long command is written; and also when installing packages, the summaries come together at the end of the installation.   OpenBSD also has the best documentation.  But OpenBSD has no Linux compatibility layer...

- FreeBSD has the second best documentation. Faster than OpenBSD, has jails as said by other users, ZFS, maybe the greatest collection of packages and the greatest number of users, which can be an advantage.

- NetBSD is simple, low profile. Poorer documentation but the best (in my opinion) hier.  Base in /usr, packages in /usr/pkg, manually compiled in /usr/local.  OpenBSD seems the most promiscuous in this regard.
For i386, many X window managers and applications seg faulted.

- DragonFlyBSD has the HAMMER filesys",https://www.reddit.com/comments/kniqwc/_/ghnqkyw,"[""manually"",""software"",""better than""]","[""workaround_language"",""product_and_tool_language"",""comparison_and_dissatisfaction""]",0.0,0.6,0.7,app_opportunity,0.7,B,retain,retain,0,0,0,generic_product_mention,codex-agent reviewed under market-research-relevance-v1 on 2026-06-14
comment,ghnqnzu,doordash_drivers,"Always back yourself up. People will order to only try and get a refund &amp; DD pays it back. We are in tough times, i understand. In this case, i take a picture of the address when i pull up, drop the food take pic,once they open take a pic of them grabbing the food. use your camera then upload all the pics in the DD app",https://www.reddit.com/comments/knxxsg/_/ghnqnzu,"[""app"",""refund"",""refund""]","[""product_and_tool_language"",""travel_language"",""pricing_and_payment""]",0.0,0.45,0.6,app_opportunity,0.6,B,retain,retain,0,0,1,,codex-agent reviewed under market-research-relevance-v1 on 2026-06-14
comment,ghnqsaf,LeopardsAteMyFace,"Except the government is also using taxpayer money to provide those healthcare options. That's illegal and unconstitutional.

And no, I'm pretty much strictly against illegal immigration. You said it yourself: DACA is giving legal immigration benefits to illegals. Giving a pardon to a criminal doesn't mean they didn't commit the crime. It just means you're letting them get away with it.

And this will likely be the last that I'll comment on this because you've deliberately misrepresented my argument twice, and it's difficult to reply in a timely fashion with reddit's bullshit karma system stopping me from replying.",https://www.reddit.com/comments/knqpq5/_/ghnqsaf,"[""difficult to"",""immigration""]","[""pain_language"",""travel_language""]",0.65,0.15,0.25,travel,0.65,B,retain,retain,0,0,0,political_immigration,codex-agent reviewed under market-research-relevance-v1 on 2026-06-14
comment,ghnqwxa,EscapefromTarkov,"Doing way better than previously. My first proper wipe and I’m loving it. I’m blasting fools with a %45 survival rate mainly at customs as it’s the map I’m most familiar with. 2 hours until I have my lucky scav junk box made in my hideout. Pro a sly 3-4mil total stack.

Lvl 15 as well 😄",https://www.reddit.com/comments/ko1nxe/_/ghnqwxa,"[""customs"",""better than""]","[""travel_language"",""comparison_and_dissatisfaction""]",0.6,0.15,0.25,travel,0.6,B,retain,retain,0,0,0,lexical_ambiguity,codex-agent reviewed under market-research-relevance-v1 on 2026-06-14
comment,ghnr253,Accounting,"I assume the sales (on which commission is paid based on collections) are sales made by your company? If they are yours, do the sales meet the criteria to be considered within scope of ASC 606?

Edit: ok so I did some research and looked at your other replies:
- Under ASC 606 these costs qualify as being incrementally incurred related to the contract, so they are subject to ASC 340-40-25-5 thru 25-8
- ASC 340 says costs incremental to the contract should be capitalized and amortized as performance obligations are satisfied, but only if the costs have future benefit for similar contracts (sounds like these don’t), or are recoverable (these are not)
- if costs are not capitalizable under the above, you follow other guidance (ex: ASC 350-40 for software, ASC 330 for inventory, etc.)
- If these costs are not specifically covered under another ASC (and these sound like they are not complicated enough to be covered under specific guidance) and relate to an already satisfied performance oblig",https://www.reddit.com/comments/ko1l19/_/ghnr253,"[""software"",""inventory"",""payment""]","[""product_and_tool_language"",""business_workflow_language"",""pricing_and_payment""]",0.0,0.8,0.5,saas_opportunity,0.8,A,retain,retain,0,1,0,,codex-agent reviewed under market-research-relevance-v1 on 2026-06-14
comment,ghnr8g8,onebag,"Uber
Grab
Google maps
TripAdvisor
Skyscanner
Google translate
XE.com
Flightradar24
Citymapper
What3words
Waze
AppintheAir
Trainline
Booking.com
Airbnb
Splitwise
Google maps
MyGPScoordinates",https://www.reddit.com/comments/kntg66/_/ghnr8g8,"[""booking""]","[""travel_language""]",0.65,0.1,0.2,travel,0.65,B,retain,retain,1,0,0,,codex-agent reviewed under market-research-relevance-v1 on 2026-06-14
comment,ghnr976,ireland,"Generally it is difficult to deport failed asylum claimants, it depends on third party agreements as well as national and EU level processes. The appeals process, particularly in Ireland, is prolonged and failed asylum claimants will often eventually be offered residence based on time in Direct Provision rather than on the merit of the asylum claim. The average EU deportation rate is only 20%. This is gradually changing, as far as I am aware, a few European nations have introduced legislation in order to facilitate deportations. For example, Norway has legislated to increase internal relocation i.e. deportation based on the fact that an asylum claimant may be safely relocated in their country of origin. France has refused to offer visa applications to nations that refuse to sign third party deportation agreements. The EU is reportedly interested in increasing third party agreements as well.",https://www.reddit.com/comments/knxlk3/_/ghnr976,"[""difficult to"",""visa""]","[""pain_language"",""travel_language""]",0.65,0.15,0.25,travel,0.65,B,retain,retain,1,0,0,,codex-agent reviewed under market-research-relevance-v1 on 2026-06-14
comment,ghnrazb,AskALiberal,"Here's how I view it. We need to go back to the 1930s to answer this question. In the 1930s, we saw a major political realignment, with the election of FDR. This heralded in the golden age of democratic politics. But it came at a cost. You see, for the most part, political alignments are only good for around 36 years before they start deteriorating. The last realignment happened in 1896, and before that, in 1860.

The new deal democrats brought economic prosperity to americans like we had never seen previously, finally implementing a long desired and sought after left wing platform that finally brought an end to the gilded age. But it came at a cost, a huge part of the coalition were southern whites, who were quite frankly, racist. And in a lot of ways, these guys put their racism over these economic gains. As LBJ later said, if you convince the white man he's better than any black man, you can pick his pocket. And a huge part of the american social order going back to the 1600s was b",https://www.reddit.com/comments/knxukc/_/ghnrazb,"[""waste of time"",""platform"",""better than""]","[""pain_language"",""product_and_tool_language"",""comparison_and_dissatisfaction""]",0.0,0.55,0.65,app_opportunity,0.65,B,retain,retain,0,0,0,,codex-agent reviewed under market-research-relevance-v1 on 2026-06-14
comment,ghnrhtf,nsfwbuys,"#Domme Exclusive

Hey there handsome, don't let looks fool you  I'm Nae, daughter of Dionysus.  I might look sweet and innocent, but I can easily make you putty in my hands. I spend most of my free time indulging in debauchery and seducing men before turning them into my slaves.
But can you blame them? Who wouldn't want to live for my every word?

## Ways to contact me (Buyers only)

**Kik** Destroyerofkings_

**Telegram** Destroyerofkings

**Skype** Live: Destroyerofkings666

** Snapchat** Destroyer_kngs

##### Payment and tribute option
Amazon($10), BTC(10%), Google wallet, Cash app, Venmo

###Videos

Have you ever wondered what it would be like to direct your own video with a curvy Succubus ready to make your fantasy a reality? Cum decide how I’m going to destroy you next!

| Customs|                         |
|:-------|-----|----------------|----:|
| $10 | 1 minute       |
| $50 | 5 minutes    |
| $90 | 10 Minutes   |

| Add-ons( Flat fee per video) |",https://www.reddit.com/comments/ko1s20/_/ghnrhtf,"[""app"",""customs"",""payment""]","[""product_and_tool_language"",""travel_language"",""pricing_and_payment""]",0.6,0.45,0.6,app_opportunity,0.6,B,retain,retain,0,0,0,promotion_or_bot,codex-agent reviewed under market-research-relevance-v1 on 2026-06-14
comment,ghnrljv,FetishSelling,"#Domme Exclusive

Hey there handsome, don't let looks fool you  I'm Nae, daughter of Dionysus.  I might look sweet and innocent, but I can easily make you putty in my hands. I spend most of my free time indulging in debauchery and seducing men before turning them into my slaves.
But can you blame them? Who wouldn't want to live for my every word?

## Ways to contact me (Buyers only)

**Kik** Destroyerofkings_

**Telegram** Destroyerofkings

**Skype** Live: Destroyerofkings666

** Snapchat** Destroyer_kngs

##### Payment and tribute option
Amazon($10), BTC(10%), Google wallet, Cash app, Venmo,

###Videos

Have you ever wondered what it would be like to direct your own video with a curvy Succubus ready to make your fantasy a reality? Cum decide how I’m going to destroy you next!

| Customs|                         |
|:-------|-----|----------------|----:|
| $10 | 1 minute       |
| $50 | 5 minutes    |
| $90 | 10 Minutes   |

| Add-ons( Flat fee per video) |",https://www.reddit.com/comments/ko1sla/_/ghnrljv,"[""app"",""customs"",""payment""]","[""product_and_tool_language"",""travel_language"",""pricing_and_payment""]",0.6,0.45,0.6,app_opportunity,0.6,B,retain,retain,0,0,0,promotion_or_bot,codex-agent reviewed under market-research-relevance-v1 on 2026-06-14
comment,ghnroe1,bapcsalescanada,"Placed an order for a 5800x with free shipping, however DDU ( Delivered Duties Paid ) wasn't calculating properly so it wasn't included in the initial order. I emailed them and they properly added the DDU, but im noticing that they now are charging 8.50 shipping

Is the paid shipping (It's showing FEDEX Canada Direct 4-9 Business Days) something that has to be included with DDU?

Edit: Paid with my VISA as the conversion rate was better than paypal",https://www.reddit.com/comments/knx5fa/_/ghnroe1,"[""visa"",""better than""]","[""travel_language"",""comparison_and_dissatisfaction""]",0.6,0.15,0.25,travel,0.6,B,retain,retain,0,0,0,,codex-agent reviewed under market-research-relevance-v1 on 2026-06-14
comment,ghnrpjb,taobao,Taobao uses an importer to bring the packages into the states. They handle customs and eventually hand the package off to Fed-Ex. Or Fed-Ex picks them up from them. Taobao uses one on the east coast as well. Unfortunately the packages often sit for a while at the importers. Remember after about 30 business days with no movement they have to refund you. If your package is delivered 28 business days or more they have to pay you 30 yuan late delivery fee. It's a crap shoot with how long your package will sit at the importers. My package is also with FBM at this moment. Taobao logistics shows my package cleared customs on 12/30. Now it will probably sit until they have enough to drop them all off. My last package sat for 2 weeks (12/2 to 12/17). So figure from a few days to 2 weeks until you will see Fed-Ex tracking update.,https://www.reddit.com/comments/ko12wd/_/ghnrpjb,"[""customs"",""refund"",""refund""]","[""travel_language"",""pricing_and_payment""]",0.6,0.2,0.25,travel,0.6,B,retain,retain,0,0,0,,codex-agent reviewed under market-research-relevance-v1 on 2026-06-14
comment,ghnrqd1,Sexsells,"#Domme Exclusive

Hey there handsome, don't let looks fool you  I'm Nae, daughter of Dionysus.  I might look sweet and innocent, but I can easily make you putty in my hands. I spend most of my free time indulging in debauchery and seducing men before turning them into my slaves.
But can you blame them? Who wouldn't want to live for my every word?

## Ways to contact me (Buyers only)

**Kik** Destroyerofkings_

**Telegram** Destroyerofkings

**Skype** Live: Destroyerofkings666

** Snapchat** Destroyer_kngs

##### Payment and tribute option
Amazon($10), BTC(10%), Google wallet, Cash app, Venmo

###Videos

Have you ever wondered what it would be like to direct your own video with a curvy Succubus ready to make your fantasy a reality? Cum decide how I’m going to destroy you next!

| Customs|                         |
|:-------|-----|----------------|----:|
| $10 | 1 minute       |
| $50 | 5 minutes    |
| $90 | 10 Minutes   |

| Add-ons( Flat fee per video) |",https://www.reddit.com/comments/ko1t86/_/ghnrqd1,"[""app"",""customs"",""payment""]","[""product_and_tool_language"",""travel_language"",""pricing_and_payment""]",0.6,0.45,0.6,app_opportunity,0.6,B,retain,retain,0,0,0,promotion_or_bot,codex-agent reviewed under market-research-relevance-v1 on 2026-06-14
comment,ghnrtqg,immigration,I applied for US passport first then mailed passport card instead of the certificate to my local office. Got my originals back in less than a week and my SS was updated within the week.,https://www.reddit.com/comments/knwg24/_/ghnrtqg,"[""passport""]","[""travel_language""]",0.65,0.1,0.2,travel,0.65,B,retain,retain,1,0,0,,codex-agent reviewed under market-research-relevance-v1 on 2026-06-14
comment,ghns356,orangetheory,"I got that message for booking classes next week at my home studio. 🤷🏻‍♀️

Billing date 1/4. I was able to book m,t &amp; w but got that message for t and fr. It makes no sense.

I called in and asked to be put into classes. This has never been an issue at my home studio.

My SA said others were having the same issue.",https://www.reddit.com/comments/knzm7h/_/ghns356,"[""booking"",""billing""]","[""travel_language"",""pricing_and_payment""]",0.6,0.2,0.25,travel,0.6,B,retain,retain,0,0,1,,codex-agent reviewed under market-research-relevance-v1 on 2026-06-14
comment,ghns6mq,HypixelSkyblock,"""weapons, accessories, inventory, personal vault, collections are not available for \_\_Hobojoe\_\_ due to limited API access""

if you knew how to read u would know it's because his api isn't on

facepalm moment",https://www.reddit.com/comments/knvkna/_/ghns6mq,"[""api"",""inventory""]","[""product_and_tool_language"",""business_workflow_language""]",0.0,0.6,0.35,saas_opportunity,0.6,B,retain,retain,0,0,0,generic_product_mention,codex-agent reviewed under market-research-relevance-v1 on 2026-06-14
comment,ghnsin9,Genshin_Impact,"&gt;- Did you include that the Vacuum Blades on the Skyward Pride use the augmented ATK stat after it is buffed by DEF, when calculating its damage?

He linked his spreadsheet in which he did in fact include that fact.
&gt;- Why did you not mention in the notes that the Vacuum Blades of the Skyward Pride are the only ability on any claymore than can also proc Noelle's healing, as if they are their own normal attacks?  Thus allowing double heal proc's on those hits.

Is this really the case? I find it surprising as Gladiator's and Bolide do not affect its damage so it counting as a normal hit for that is pretty odd. Do you mind showing a video of this being the case?


&gt;- With these extra bursts of healing, how does it compare to a Whiteblind?  As in the Whiteblind has its heals spread out, higher heals per hit, but the Skyward Pride has more burst uptime, which means those double proc's of healing not only give bursts of heals, but also happen more often.

I feel like you can liter",https://www.reddit.com/comments/knhxkc/_/ghnsin9,"[""impossible to"",""spreadsheet"",""inventory""]","[""pain_language"",""workaround_language"",""business_workflow_language""]",0.0,0.7,0.35,saas_opportunity,0.7,B,retain,retain,0,0,0,generic_product_mention,codex-agent reviewed under market-research-relevance-v1 on 2026-06-14
comment,ghnsiu6,iCloud,"You cant create a new icloud and backup data being used by another.  Unless you manually downloaded said data and further signed out of one icloud and then signed into the other and proceeded to sync.

Eitherway... the issue is- the phones were set up with the same apple id- so restore both devices and set them up with separate apple ids

You could just sign out, but since you are reporting you created another one - it seems like you would say you tried that already.

iClouds sole function is continuity- what happens on one device, happens on the other.

This aspect is what confirms you are still both using the same apple id",https://www.reddit.com/comments/knyo8l/_/ghnsiu6,"[""manually"",""sync"",""reporting""]","[""workaround_language"",""product_and_tool_language"",""business_workflow_language""]",0.0,0.8,0.55,saas_opportunity,0.8,A,retain,retain,0,0,1,,codex-agent reviewed under market-research-relevance-v1 on 2026-06-14
comment,ghnsokk,electricvehicles,I hear you but for me the autopilot does 95% of the highway travel. For real. Highway driving in Sweden is not complex. Only one time in almost an year when I would've fucked up if I weren't careful enough to take over. There was a steel beam fallen of a truck in the middle of my lane. My car wouldn't have stopped for than. But I am sure there are weird situations in which the airline pilots have to take over th autopilot too. For me the entire naming shit is just bullshit. You can call it whatever. In rain or poor visibility the car sees better than me. I'm there to make sure we are together. But I am impressed by the functionality.,https://www.reddit.com/comments/knv1ph/_/ghnsokk,"[""airline"",""better than""]","[""travel_language"",""comparison_and_dissatisfaction""]",0.6,0.15,0.25,travel,0.6,B,retain,retain,0,0,0,,codex-agent reviewed under market-research-relevance-v1 on 2026-06-14
comment,ghnt14v,AskReddit,"Well I'm in the construction field managing projects. I suggest learning project management as this is one field that is always hiring no matter the state of the economy. Or work on a computer skill, coding, software management , anything tech related as that industry is going to be booming for years to come.",https://www.reddit.com/comments/ko07jx/_/ghnt14v,"[""software"",""project management""]","[""product_and_tool_language"",""business_workflow_language""]",0.0,0.6,0.35,saas_opportunity,0.6,B,retain,retain,0,0,0,generic_product_mention,codex-agent reviewed under market-research-relevance-v1 on 2026-06-14
comment,ghnt8zl,immigration,"Assuming the US here.

Technically, it’s against the law to “harbor” undocumented immigrants.  The definition is legally fuzzy, and prosecution is extremely rare.  There are some prosecutions of companies that hire undocumented immigrants, but a family isn’t going to be prosecuted for living with an undocumented individual, 99.9999% of the time.

To rise to “harboring” you’d have to openly lie to federal immigration authorities that a person isn’t in your home, or actively help a person hide, something like that.  It requires intent to deceive federal authorities.  Living with or even providing for an undocumented person isn’t a crime, and you have no legal obligation to report that any person is undocumented to any federal, state, or local authority.  Even if you’re asked by a federal officer directly, you’re not required to answer.  Lying is a crime, silence is not.

Tl;dr: No.  Living with an undocumented immigrant isn’t a crime, and you’re under no obligation to report undocument",https://www.reddit.com/comments/ko1rxc/_/ghnt8zl,"[""immigration""]","[""travel_language""]",0.65,0.1,0.2,travel,0.65,B,retain,retain,1,0,0,,codex-agent reviewed under market-research-relevance-v1 on 2026-06-14
comment,ghntaup,Aliexpress,"&gt;I’m sure this seller is always marking the value less than 15 but does this trick always work ?

no. you can always get lucky with customs random check. also you picked a great time to move to uk, as i suspect they will be checking a lot if not all from now on - until their universal VAT thing comes into place. then you will be paying the VAT on checkout hopefully.

edit - seems the VAT thing is in on now on AE.",https://www.reddit.com/comments/ko1v29/_/ghntaup,"[""customs"",""checkout""]","[""travel_language"",""pricing_and_payment""]",0.6,0.2,0.25,travel,0.6,B,retain,retain,0,0,0,,codex-agent reviewed under market-research-relevance-v1 on 2026-06-14
comment,ghnthad,FinancialPlanning,"You will not be able to deduct your property taxes from your federal or state refund because it is a local tax. When your TurboTax files next week, that will be filed electronically. Make sure your checking routing and account number are correct in the software so that you will get your refund as soon as possible.

As far as your car, make a copy of the title and bill of sale and keep it with you in the car while driving well and as infrequently as possible. Because of the pandemic, many DMVs are backed up and many of us have had large time delays registering new vehicles and handling any issue. Police are being very understanding.

I had one car’s registration expire, my and my daughter’s licenses suspended due to an error with her car that was destroyed in a flood and not reported to the DMV by my insurance properly, and now another daughter is driving a new-to-her car without being registered and with the former owner’s expired plates on it. We waited three months for the appointme",https://www.reddit.com/comments/ko1s0z/_/ghnthad,"[""software"",""refund"",""appointment"",""refund""]","[""product_and_tool_language"",""travel_language"",""business_workflow_language"",""pricing_and_payment""]",0.0,0.8,0.6,saas_opportunity,0.8,A,retain,retain,0,0,0,generic_product_mention,codex-agent reviewed under market-research-relevance-v1 on 2026-06-14
comment,ghntkpf,playrust,"Something rings a bell in the back of my brain that there was a minimum of 100 hours played. I could be making it up though lol. I do remember it wasn't like a crate you had to claim. I just got a notification it was added to my inventory. I think maybe you had just a few hours too little to qualify, which is a bit crappy tbh. Only thing I can suggest is the old uninstall/reinstall rust, verify game files etc.

Edit: Is there any chance you broke it down for materials? There's a warning if you break something down, it is gone forever.",https://www.reddit.com/comments/knwosk/_/ghntkpf,"[""notification"",""inventory""]","[""product_and_tool_language"",""business_workflow_language""]",0.0,0.6,0.35,saas_opportunity,0.6,B,retain,retain,0,0,0,generic_product_mention,codex-agent reviewed under market-research-relevance-v1 on 2026-06-14
comment,ghntsbl,politics,"Sounds like a better analogy for capitalism.

""All the glorious billions of cows alive today would not exist in cramped torturous cells if not for the beloved capitalism that helped us to grow to this point. We'd be some few million roaming random plains with danger in every direction. Now? We've got food, literally zero predators, and life is 100% safe until we're slaughtered, so we arguably have it better than any time in planetary history, really.""",https://www.reddit.com/comments/knxlrg/_/ghntsbl,"[""roaming"",""better than""]","[""travel_language"",""comparison_and_dissatisfaction""]",0.6,0.15,0.25,travel,0.6,B,retain,retain,0,0,0,lexical_ambiguity,codex-agent reviewed under market-research-relevance-v1 on 2026-06-14
comment,ghntt22,nsfwbuys,"You may call me Goddess Katherine and i promise i will bite!

&amp;#x200B;

ONLY AVAILABLE FOR CAM SESSIONS WEDNESDAYS-FRIDAYS

&amp;#x200B;

MUST BE 18+ TO INQUIRE ABOUT ANY OF MY SERVICES

&amp;#x200B;

New subscription site! Follow my AVN to get more of a taste of me! Get access to exclusive photosets early access on videos, and much more! So say “Yes Goddess” and sub
[here](https://stars.avn.com/katherinered)

&amp;#x200B;

**come worship me live!**
[here](https://katherine_red.cammodels.com/)

&amp;#x200B;

Im a witty and  sarcastic Dom, who enjoys using men as the tools they really are.
whos  5’1 and  A natural redhead with blue/grey eyes. Yes emphasis on the natural, with trimmed pubic hair to flaunt it! My bust size is 32A, with a bubble butt! So start worshiping.

&amp;#x200B;

Did you say videos? Yes! Bindge on my **PREMADE VIDEOS** [here](https://iwantclips.com/store/712774/KatherineRed)

&amp;#x200B;

**I DO SHOW FACE IN SESSIONS**

&amp;#x200B;
What kind of shows do i o",https://www.reddit.com/comments/ko259w/_/ghntt22,"[""customs"",""refund"",""subscription"",""payment"",""refund""]","[""travel_language"",""pricing_and_payment""]",0.6,0.2,0.25,travel,0.6,B,retain,retain,0,0,0,promotion_or_bot,codex-agent reviewed under market-research-relevance-v1 on 2026-06-14
comment,ghntvug,BrawlStarsCompetitive,nah. nameRandomNumber... ya know... that useless lifeless lonely roaming idiot that would spend his time on this subreddit looking at how everyone's better than him and breaking low self esteem records? ya that's me,https://www.reddit.com/comments/kmwdxs/_/ghntvug,"[""roaming"",""better than""]","[""travel_language"",""comparison_and_dissatisfaction""]",0.6,0.15,0.25,travel,0.6,B,retain,retain,0,0,0,lexical_ambiguity,codex-agent reviewed under market-research-relevance-v1 on 2026-06-14
comment,ghnty9b,Sexsells,"You may call me Goddess Katherine and i promise i will bite!

&amp;#x200B;

ONLY AVAILABLE FOR CAM SESSIONS WEDNESDAYS-FRIDAYS

&amp;#x200B;

MUST BE 18+ TO INQUIRE ABOUT ANY OF MY SERVICES

&amp;#x200B;

New subscription site! Follow my AVN to get more of a taste of me! Get access to exclusive photosets early access on videos, and much more! So say “Yes Goddess” and sub
[here](https://stars.avn.com/katherinered)

&amp;#x200B;

**come worship me live!**
[here](https://katherine_red.cammodels.com/)

&amp;#x200B;

Im a witty and  sarcastic Dom, who enjoys using men as the tools they really are.
whos  5’1 and  A natural redhead with blue/grey eyes. Yes emphasis on the natural, with trimmed pubic hair to flaunt it! My bust size is 32A, with a bubble butt! So start worshiping.

&amp;#x200B;

Did you say videos? Yes! Bindge on my **PREMADE VIDEOS** [here](https://iwantclips.com/store/712774/KatherineRed)

&amp;#x200B;

**I DO SHOW FACE IN SESSIONS**

&amp;#x200B;
What kind of shows do i o",https://www.reddit.com/comments/ko2635/_/ghnty9b,"[""customs"",""refund"",""subscription"",""payment"",""refund""]","[""travel_language"",""pricing_and_payment""]",0.6,0.2,0.25,travel,0.6,B,retain,retain,0,0,0,promotion_or_bot,codex-agent reviewed under market-research-relevance-v1 on 2026-06-14
comment,ghntzzs,travel,She can get an emergency travel document from the embassy........,https://www.reddit.com/comments/j2e7hy/_/ghntzzs,"[""embassy""]","[""travel_language""]",0.65,0.1,0.2,travel,0.65,B,retain,retain,1,0,0,,codex-agent reviewed under market-research-relevance-v1 on 2026-06-14
comment,ghnu1l1,huion,"Sorry if this is kindof a necroing but I had this problem recently and i think i have a workaround.


Ive been trying to find a solution all month (got my Kamvas 13 on december 5th, 2020). Huion Support's solution was always changing the cable, but that was my last option. I tried everything, reinstalling drivers, downgrading, changing the USB port, using the power usb on/off the computer, etc etc.


i was about to resign on having the annoying disconnect/reconnect sound blast every couple of hours when i found something that stopped it completely.


Its not the most elegant of solutions but it worked. Im convinced now that at least my version of this problem is a driver issue and has nothing to do with the hardware itself (im a layman tho, disclaimer and all) because when, in a fit of rage, i popped up on my task manager and end task'd the driver... the thing stopped. 100%  no more annoying bleeps.
and oddly enough, the driver was still ""working"" my custom settings were sti",https://www.reddit.com/comments/ialt23/_/ghnu1l1,"[""annoying"",""workaround"",""app""]","[""pain_language"",""workaround_language"",""product_and_tool_language""]",0.0,0.6,0.7,app_opportunity,0.7,B,retain,retain,0,0,1,,codex-agent reviewed under market-research-relevance-v1 on 2026-06-14
comment,ghnu1w2,FetishSelling,"You may call me Goddess Katherine and i promise i will bite!

&amp;#x200B;

MUST BE 18+ TO INQUIRE ABOUT ANY OF MY SERVICES
&amp;#x200B;

New subscription site! Follow my AVN to get more of a taste of me! Get access to exclusive photosets early access on videos, and much more! So say “Yes Goddess” and sub
[here](https://stars.avn.com/katherinered)

&amp;#x200B;

**come worship me live!**
[here](https://katherine_red.cammodels.com/)

&amp;#x200B;

Im the Sarcastic natural redheaded goddess of your little dreams.I specialize in a wide range of fetishes and Breaking beta cucks is one of my fav past times.

 &amp;#x200B;

Did you say videos? Yes! Bindge on my **PREMADE VIDEOS** [here](https://iwantclips.com/store/712774/KatherineRed)

&amp;#x200B;

**I DO SHOW FACE IN SESSIONS**

&amp;#x200B;

Fetishes I cater to but aren't limited to!
Findom, Giantess, Humiliation, Degradation, Sissification, Sissy Training, SPH (small penis humiliation). CBT(cock and ball tourture) , Verbal Abuse, Ign",https://www.reddit.com/comments/ko26lt/_/ghnu1w2,"[""customs"",""refund"",""subscription"",""payment"",""refund""]","[""travel_language"",""pricing_and_payment""]",0.6,0.2,0.25,travel,0.6,B,retain,retain,0,0,0,promotion_or_bot,codex-agent reviewed under market-research-relevance-v1 on 2026-06-14
comment,ghnu1yg,PS5restock,"Yes, totally! Sorry didn’t mean to challenge you - was just narrating my story. YMMV in all this. I also feel desktop is better to scan inventory in diff stores in those precious few seconds - hard to go back/forth on the app if inventory runs out in your preferred store!",https://www.reddit.com/comments/knj7nj/_/ghnu1yg,"[""app"",""inventory""]","[""product_and_tool_language"",""business_workflow_language""]",0.0,0.6,0.35,saas_opportunity,0.6,B,retain,retain,0,0,1,,codex-agent reviewed under market-research-relevance-v1 on 2026-06-14
comment,ghnu7ec,cyberpunkgame,"In software development a certain amount of crunch on the lead up to release makes sense. But we're not talking about that in Rockstar's case. We're talking about months of 7 day weeks, most of which is unpaid overtime.

I just want to make sure you're aware that I lead software development teams, and the products we produce are even for the games industry. What Rockstar requires of it's employees is beyond reasonable and is borderline abusive.

A software project that has good management behind it shouldn't require this kind of crunch from its developers. Project management techniques exist to plan these very large scale projects out and account for delays and issues that occur in development. The only reason they can get away with it is because there are so many passionate people that want to work in video games. They chew through them like a meat grinder and send them on their way. You should see the employee retention rates at Rockstar it's abysmal.

And yes hospitals are often",https://www.reddit.com/comments/kbl72a/_/ghnu7ec,"[""software"",""project management""]","[""product_and_tool_language"",""business_workflow_language""]",0.0,0.6,0.35,saas_opportunity,0.6,B,retain,retain,0,1,0,,codex-agent reviewed under market-research-relevance-v1 on 2026-06-14
comment,ghnu8ii,translator,"Here is the translation (sorry if my English is not perfect):

Jeżowa, 06/17/53
Dear Sister and Brother-in-Law,
Yesterday I received from Pietryk the package you sent together, I heartily thank you for the things you sent. My daughters will be happy since they really couldn't afford it. The older daughter still attends school, the younger one already started her job but she must pay for the apartment and living, the canteen, so she is left with nothing. Over time, she'll be able to earn more and then she'll be able to buy things. The daughters also dream so much to have these headscarfs of nylon, many people here wear such headscarfs but we can't afford them because they cost 150 zlotys. Nylon stockings are cheaper, I got these nylons but many pairs were sent, and I had to pay a huge custom duty for it, so I will have to sell some to pay for this package. It's because it is not allowed to send them, only 2 pairs of nylon stockings, and also 2 handkerchiefs. That's why people send them",https://www.reddit.com/comments/knyqtj/_/ghnu8ii,"[""customs"",""would pay""]","[""travel_language"",""pricing_and_payment""]",0.6,0.2,0.25,travel,0.6,B,retain,retain,0,0,0,lexical_ambiguity,codex-agent reviewed under market-research-relevance-v1 on 2026-06-14
comment,ghnuekw,japanese,"If you have a given streaming platform like primevideo or Netflix you can change the language and turn off the subtitles depending on what options they have, if you’re looking for pirated material it’s much easier to find Japanese media that is already in Japanese than to find foreign media dubbed in Japanese which means you’re going to have settle or suck it up and watch stuff that isn’t your main interest, if you like gravity falls there are plenty of anime already in Japanese that have similar vibes and characters and storylines etc, none off the top of my head because I mostly watch live action stuff but regardless I don’t really know of any other options tbh so if I were you I’d start looking for recommendations of anime similar to the American cartoons you already like",https://www.reddit.com/comments/knx8dr/_/ghnuekw,"[""looking for recommendations"",""platform""]","[""request_intent"",""product_and_tool_language""]",0.0,0.5,0.65,app_opportunity,0.65,B,retain,retain,0,0,1,,codex-agent reviewed under market-research-relevance-v1 on 2026-06-14
comment,ghnuf5e,SellNSFW,"You may call me Goddess Katherine and i promise i will bite!

&amp;#x200B;

MUST BE 18+ TO INQUIRE ABOUT ANY OF MY SERVICES
&amp;#x200B;

New subscription site! Follow my AVN to get more of a taste of me! Get access to exclusive photosets early access on videos, and much more! So say “Yes Goddess” and sub
[here](https://stars.avn.com/katherinered)

&amp;#x200B;

**come worship me live!**
[here](https://katherine_red.cammodels.com/)

&amp;#x200B;

Im the Sarcastic natural redheaded goddess of your little dreams.I specialize in a wide range of fetishes and Breaking beta cucks is one of my fav past times.

 &amp;#x200B;

Did you say videos? Yes! Bindge on my **PREMADE VIDEOS** [here](https://iwantclips.com/store/712774/KatherineRed)

&amp;#x200B;

**I DO SHOW FACE IN SESSIONS**

&amp;#x200B;

Fetishes I cater to but aren't limited to!
Findom, Giantess, Humiliation, Degradation, Sissification, Sissy Training, SPH (small penis humiliation). CBT(cock and ball tourture) , Verbal Abuse, Ign",https://www.reddit.com/comments/ko28mt/_/ghnuf5e,"[""customs"",""refund"",""subscription"",""payment"",""refund""]","[""travel_language"",""pricing_and_payment""]",0.6,0.2,0.25,travel,0.6,B,retain,retain,0,0,0,promotion_or_bot,codex-agent reviewed under market-research-relevance-v1 on 2026-06-14
comment,ghnur8o,Sexsells,"**AVAILABLE BASICALLY ALL THE TIME, woo! Just message if it's been a while since I've posted this ad to see if I'm available! Scheduling ahead is always welcome. I accept ManyVids tips,  AGC (+$10) occasionally, and OnlyFans tips. Cash App only available to buyers I have experience with, NO EXCEPTIONS.**



WHAT I OFFER:


___________________________
___________________________


**ONLYFANS**


Only $6.25 a month! Want more than Reddit but not quite Snapchat? This is for you! Be a part of my kinky little community! I update it almost every day with pics and vids, audio clips and will even be doing live shows! OnlyFans.com/nckdagreat -- searching for me never works for some reason


___________________________
___________________________



**CAM SESSIONS!!!**

I am still a super shy bean but I have decided to start camming. Like shy giggly ladies? Hey, that's me! For now will only be ORAL and tiddies. I am SHY. Bear with me.
So if you like watchin",https://www.reddit.com/comments/ko2a8g/_/ghnur8o,"[""app"",""scheduling""]","[""product_and_tool_language"",""business_workflow_language""]",0.0,0.6,0.35,saas_opportunity,0.6,B,retain,retain,0,0,0,promotion_or_bot,codex-agent reviewed under market-research-relevance-v1 on 2026-06-14
comment,ghnuyhg,Sexsells,"**BLACK FRIDAY BUNDLES**
My first bundle comes with 2 premades, a half an hour session, and 5 premade photos! Orginal price 160$, you're getting it for 100$! This deal is never coming back, so get it while you can!
Hello lovelies! Welcome to heaven hehe.
My name is Angel, and I am a domme at heart. I love doing domme work, but i can play any role and I am very fetish friendly! I'm pierced/tatted with dyed hair, 5'9 and slim with a booty and pierced C tits. I show face in all my work!
PLEASE READ BEFORE MESSAGING!
When you message me, please include what service you want from my menu, payment method, and duration of time. I WON't respond to a simple ""hey"" and don't take kindly to my time being wasted


Make sure to join my fanclub for daily posts! 150 photos and 80 videos and counting. Half off right now! You can find that [Here](http://onlyfans.com/angelkitten666)

**PREMADES**
One premade video is 45$, but I do bundles 2 premades for 50$!


**COCK RATINGS**
I love",https://www.reddit.com/comments/ko2bd8/_/ghnuyhg,"[""customs"",""payment""]","[""travel_language"",""pricing_and_payment""]",0.6,0.2,0.25,travel,0.6,B,retain,retain,0,0,0,promotion_or_bot,codex-agent reviewed under market-research-relevance-v1 on 2026-06-14
comment,ghnuzkp,ExperiencedDevs,"I wouldn’t say that either. The most dangerous place to be as an older developer is not having a skillset in sync with the market.

Just like salary compression and inversion is real - being stuck with COL raises while market rates are going up a lot more, it’s even more dangerous staying at a company so long where you are making good money because you are valuable to the company. But your skillset is so out of date when you get ready for the next job, either by choice or by force, no one will hire you.

In my case, way back in 1996, I had two offers graduating from a no name school in a small town. The first was as a COBOL programmer making $35K - $40K in a slightly larger small town (an average salary back then) or a computer operator  in the much larger metro area where I still live based on an internship paying $11/hour. I chose the latter just to get here. It was dumb luck that they were trying to expand, and they needed a relatively complex data entry system written. I was the",https://www.reddit.com/comments/kny5ba/_/ghnuzkp,"[""app"",""software"",""sync"",""data entry""]","[""product_and_tool_language"",""business_workflow_language""]",0.0,0.6,0.35,saas_opportunity,0.6,B,retain,retain,0,0,0,generic_product_mention,codex-agent reviewed under market-research-relevance-v1 on 2026-06-14
comment,ghnv4qi,pcmasterrace,"I recommend getting an app like HotStock. BestBuy puts inventory up for sale in waves, so even if you don’t get the first batch you get multiple chances.",https://www.reddit.com/comments/knq716/_/ghnv4qi,"[""app"",""inventory""]","[""product_and_tool_language"",""business_workflow_language""]",0.0,0.6,0.35,saas_opportunity,0.6,B,retain,retain,0,0,1,,codex-agent reviewed under market-research-relevance-v1 on 2026-06-14
comment,ghnv78n,Sexsells,"**BLACK FRIDAY BUNDLES**
My first bundle comes with 2 premades, a half an hour session, and 5 premade photos! Orginal price 160$, you're getting it for 100$! This deal is never coming back, so get it while you can!
Hello lovelies! Welcome to heaven hehe.
My name is Angel, and I am a domme at heart. I love doing domme work, but i can play any role and I am very fetish friendly! I'm pierced/tatted with dyed hair, 5'9 and slim with a booty and pierced C tits. I show face in all my work!
PLEASE READ BEFORE MESSAGING!
When you message me, please include what service you want from my menu, payment method, and duration of time. I WON't respond to a simple ""hey"" and don't take kindly to my time being wasted


Make sure to join my fanclub for daily posts! 150 photos and 80 videos and counting. Half off right now! You can find that [Here](http://onlyfans.com/angelkitten666)

**PREMADES**
One premade video is 45$, but I do bundles 2 premades for 50$!


**COCK RATINGS**
I love",https://www.reddit.com/comments/ko2cr7/_/ghnv78n,"[""customs"",""payment""]","[""travel_language"",""pricing_and_payment""]",0.6,0.2,0.25,travel,0.6,B,retain,retain,0,0,0,promotion_or_bot,codex-agent reviewed under market-research-relevance-v1 on 2026-06-14
comment,ghnvc7v,urbanplanning,If it’s gonna take an hour to clear customs on either side then it’s a complete waste of time tho in general why would anyone ever bother when driving is more convenient and quicker? Might as well stop it at Seattle,https://www.reddit.com/comments/kntsoa/_/ghnvc7v,"[""waste of time"",""customs""]","[""pain_language"",""travel_language""]",0.65,0.15,0.25,travel,0.65,B,retain,retain,1,0,0,,codex-agent reviewed under market-research-relevance-v1 on 2026-06-14
comment,ghnvufs,TooAfraidToAsk,"If you mean no go zones as in places that are unsafe to go to. None.

How big the immigration problem is. Well it depends on if you would see it as a problem (I personally don’t mind Turkish and Moroccan people immigrating but a lot of people would disagree) but we have a lot of them immigrating so yes if you would consider it a problem then it would indeed be a big problem since we have a huge amount of immigrants.

But still we are ourself to blame for them.
Back in the 70s 80s we tried to get a lot of immigrants to move to the Netherlands so they could work for us. Those people then stayed and got there family’s to move here. Also quality of life is a lot better so they also come for those reasons and often the free money they can get from the government. But they often get disappointed that there are a lot of rules to the free money unless you can get a Wajong disability check which pretty much has no rules but they are almost impossible to get.

Edit: as for no go zones you can o",https://www.reddit.com/comments/knv1ai/_/ghnvufs,"[""impossible to"",""embassy"",""immigration""]","[""pain_language"",""travel_language""]",0.65,0.15,0.25,travel,0.65,B,retain,retain,0,0,0,political_immigration,codex-agent reviewed under market-research-relevance-v1 on 2026-06-14
comment,ghnwbrj,Fantasy,"December ended up being my second best reading month of the year, which I'm pleasantly surprised by considering I was taking exams almost right up until Christmas! Here were my SFF reads this month:

* **The Only Good Indians** by Stephen Graham Jones. There was a lot I appreciated about this book: the depiction of reservation life and the exploration of Indigenous identity both on and off reserve; the use of a non-human POV for several chapters. But it made me realize that I am *not* cut-out to read grisly, slasher-style horror novels. There were a couple bursts of violence in this book that left me feeling extremely queasy--which is a sign that Graham Jones is an excellent horror writer, but did not make for the most enjoyable reading experience. I would definitely recommend this to horror fans and anyone on the lookout for Indigenous spec-fic, but make sure you know what you're getting into (and for anyone looking for a similar book with a more psychological horror bent - I'd highly",https://www.reddit.com/comments/knw8lh/_/ghnwbrj,"[""reservation"",""better than""]","[""travel_language"",""comparison_and_dissatisfaction""]",0.6,0.15,0.25,travel,0.6,B,retain,retain,0,0,0,lexical_ambiguity,codex-agent reviewed under market-research-relevance-v1 on 2026-06-14
comment,ghnwc4g,Onyx_Boox,Thank you for the suggestion.  The footnotes do work as intended with KOReader. I still prefer reading on the included app though. I wish there was a way to fix that.,https://www.reddit.com/comments/ko0gx4/_/ghnwc4g,"[""i wish there was"",""app""]","[""request_intent"",""product_and_tool_language""]",0.0,0.5,0.65,app_opportunity,0.65,B,retain,retain,0,0,1,,codex-agent reviewed under market-research-relevance-v1 on 2026-06-14
comment,ghnwfhh,CampingGear,"I somehow missed you were in Canada.  I feel like The Last Hunt is great, but you'd have to wait for them to move inventory from altitude sports, currently they have no bags. I find there is less variety in the deals vs the US because more brands are based there, so my wait till February advice isnt as applicable unless you know someone there to ship it to

Probably obvious but for those bags I wouldn't get the long version unless youre body needs the space (over 6ft etc). If you want to shop from atmosphere the app Moola has an extra 10 dollars if you buy a 100 dollar GC, but if you haven't used the app before the first purchase takes a while to go through. They had one that was buy 200 get 40 for the holidays. I feel like Canadian tire and Rexell usually have giftcard promos as well",https://www.reddit.com/comments/kmw68g/_/ghnwfhh,"[""app"",""inventory""]","[""product_and_tool_language"",""business_workflow_language""]",0.0,0.6,0.35,saas_opportunity,0.6,B,retain,retain,0,0,0,generic_product_mention,codex-agent reviewed under market-research-relevance-v1 on 2026-06-14
comment,ghnwmb6,AskReddit,"No it isn't. You are deliberately growing to conflate the two.

Most cancelling is platform based. You are choosing take the tiny amount where someone conflates it and saying it's the same. That's your choice. You are doing it. Stop reading that or apply some critical thinking.

For instance. Rush Limbaugh was a cunt on the radio. People told companies that they wouldn't support them if they continued to support his platform. That's cancel culture. It's simply the application saying I have the freedom to ask that you are not supported.

The threats and other things are just the rabid reporting of what are crimes and awful behaviour. That is not cancellation.



By all means criticise those that make threats. But don't attach false labels to them. That is ineffect being a cunt.

You seem to be a reasonable person. I urge you to apply some reasonable thinking to what I said.  Don't believe what people with anti social agendas are saying to drive us apart. It's easy to be a sheep in the",https://www.reddit.com/comments/ko1yf5/_/ghnwmb6,"[""platform"",""reporting""]","[""product_and_tool_language"",""business_workflow_language""]",0.0,0.6,0.35,saas_opportunity,0.6,B,retain,retain,0,0,0,generic_product_mention,codex-agent reviewed under market-research-relevance-v1 on 2026-06-14
comment,ghnx5ce,memes,"&gt; name one place in your country better than Hollywood etc

Absolutely everywhere lmao

&gt; why are people dying to come here

You know the UK ranks higher on immigration than the US right? Not by much but per capita we have more.

But wait, you’re American so you evidently have absolutely no idea about the outside world, you have no idea what you’re talking about, my bad bro.",https://www.reddit.com/comments/knrm4i/_/ghnx5ce,"[""immigration"",""better than""]","[""travel_language"",""comparison_and_dissatisfaction""]",0.6,0.15,0.25,travel,0.6,B,retain,retain,0,0,0,political_immigration,codex-agent reviewed under market-research-relevance-v1 on 2026-06-14
comment,ghnx7ll,CreditCards,"I think it's more useful to have a way to separate the signup bonus, as signup bonuses are ephemeral and while they are certainly nice to have, they ultimately don't factor into whether you keep the card.

There are also much better cards out there which aren't recommended because I presume they don't have a referral program worked out and they're via smaller banks.  It might be reasonable to partner with another credit card or travel blog though.

Ultimately this is a fancy automatic spreadsheet with somewhat poor card recommendations.

I haven't tried to use the plaid connection yet as I'm hesitant to input any data whatsoever, but that seems like it's the major point.  If you can also pull what the purchase codes as, you can probably optimize point for point what the best cards are overall and present it in a better format.

For example, I know that I'm paying $50/month on my internet bill via my Cash+, but the Cash+ is coding it as a phone bill, so I'm only getting 1% until I chan",https://www.reddit.com/comments/knw1cr/_/ghnx7ll,"[""spreadsheet"",""visa""]","[""workaround_language"",""travel_language""]",0.65,0.2,0.3,travel,0.65,B,retain,retain,0,0,0,payment_brand_visa,codex-agent reviewed under market-research-relevance-v1 on 2026-06-14
comment,ghnmpmv,conspiracy,"Further testimony by CIA agent Lawrence Victor Harrison at the KIKI Camarena murder trial

[https://isgp-studies.com/DL\_1985\_DEA\_agent\_torture\_with\_Mexican\_officials\_present](https://isgp-studies.com/DL_1985_DEA_agent_torture_with_Mexican_officials_present)

**Witness Says Drug Lord Told of Contra Arms**

**By HENRY WEINSTEIN JULY 7, 1990** TIMES STAFF WRITER

A prosecution witness in the Enrique Camarena murder trial testified Friday in Los Angeles federal court that Mexican drug lord Miguel Angel Felix Gallardo told him that he believed his narcotics trafficking operation was safe because he was supplying arms to the Nicaraguan Contras.

[https://www.latimes.com/archives/la-xpm-1990-07-07-mn-149-story.html](https://www.latimes.com/archives/la-xpm-1990-07-07-mn-149-story.html)

**Informant Puts CIA at Ranch of Agent’s Killer**

**By HENRY WEINSTEIN JULY 5, 1990** TIMES STAFF WRITER

The Central Intelligence Agency trained Guatemalan guerrillas in the early 1980s at a ranch",https://www.reddit.com/comments/ko0u18/_/ghnmpmv,"[""embassy""]","[""travel_language""]",0.5,0.0,0.1,travel,0.5,C,evaluate,evaluate,0,0,0,,codex-agent reviewed under market-research-relevance-v1 on 2026-06-14
comment,ghnmqlz,FODMAPS,"This is a Fakespot Reviews Analysis bot. Fakespot detects fake reviews, fake products and unreliable sellers using AI.

Here is the analysis for the Amazon product reviews:

&gt;**Name**: Tummydrops Natural Peppermint 30 Drops

&gt;**Company**: Enteral Health and Nutrition LLC

&gt;**Amazon Product Rating**: 4.3

&gt;**Fakespot Reviews Grade**: D

&gt;**Adjusted Fakespot Rating**: 2.6

&gt;**Analysis Performed at**: 12-14-2020

[Link to Fakespot Analysis](https://fakespot.com/product/tummydrops-natural-peppermint-30-drops) | [Check out the Fakespot Chrome Extension!](https://chrome.google.com/webstore/detail/fakespot-analyze-fake-ama/nakplnnackehceedgkgkokbgbmfghain)

*Fakespot analyzes the reviews authenticity and not the product quality using AI. We look for real reviews that mention product issues such as counterfeits, defects, and bad return policies that fake reviews try to hide from consumers.*

*We give an A-F letter for trustworthiness of reviews. A = very trustworthy review",https://www.reddit.com/comments/ko0qgt/_/ghnmqlz,"[""unreliable"",""extension""]","[""pain_language"",""product_and_tool_language""]",0.0,0.4,0.5,app_opportunity,0.5,C,evaluate,evaluate,0,0,0,promotion_or_bot,codex-agent reviewed under market-research-relevance-v1 on 2026-06-14
comment,ghnmwt8,Windows10,"I wish I remember where the article I read was but it was back around the time OG Edge launched talking about things like firefox still reporting itself to sites as netscape and chrome was claiming to be safari or something like that and how Microsoft and HTML 5 were trying to clean up all the junk code and behaviors that have to be cobbled together and stacked onto modern browsers and websites for the internet to work.

Pretty sure everyone else said, fuck that noise, and nothing ever came of it.",https://www.reddit.com/comments/knu39h/_/ghnmwt8,"[""cobbled together"",""reporting""]","[""workaround_language"",""business_workflow_language""]",0.0,0.55,0.2,saas_opportunity,0.55,C,evaluate,evaluate,0,1,0,,codex-agent reviewed under market-research-relevance-v1 on 2026-06-14
comment,ghnmxr2,blackopscoldwar,"Yes in the movie War Games (1983), David is using a wardialing program to call every numbers in Sunnyvale to find a Protovision terminal's phone number. But those kind of programs already existed before the movie, they were called: Modem scanners, serial dialers, demon dialer... etc.

After that movie they became very popular, I even remember one actually named War Game Dialer (for the Commodore 64).

Then lots of hacking, phone phreaking utilities started to appear with the 'war' prefix. And although the term 'warez' supposedly comes from 'soft**ware**'. I've always suspected that it was actually because of that.

As for TTone, it has a Bluebox tone generator, we would use those to make long distance calls for free. Very useful when you wanted to exchange games on different BBS located far or in  other countries even over sea, without any trace on Dad's phone bill :)

But to get to the point, I, also thought about trying the detected carriers list from the movie, but none of them work",https://www.reddit.com/comments/ju0y6z/_/ghnmxr2,"[""airline"",""booking""]","[""travel_language""]",0.5,0.0,0.1,travel,0.5,C,evaluate,evaluate,0,0,0,lexical_ambiguity,codex-agent reviewed under market-research-relevance-v1 on 2026-06-14
comment,ghnmyme,EscapefromTarkov,"thats an unfortunate bug. when that happens the extract is broken*. What's happening is that the actual countdown time is probably getting set to some ridiculous number like 10 minutes. but you see a maximum of 1 minute countdown timer so every time u reset the counter it just goes to its max because you still have like 9 minutes 10 secs left in reality. who knows what the real number is i only use 10 minutes because back when customs was one of the few only maps and there weren't as many extracts this this was causing ppl issues so they made is so that you could not go awol if you were inside an extract and you just had to wait it out sometimes. im not sure if this is still the case because any time i identify a bugged extract now i just boogy on to another. happens most at ruaf, car extract and old gas and really only on customs in my experience.",https://www.reddit.com/comments/knpl31/_/ghnmyme,"[""customs""]","[""travel_language""]",0.5,0.0,0.1,travel,0.5,C,evaluate,evaluate,0,0,0,lexical_ambiguity,codex-agent reviewed under market-research-relevance-v1 on 2026-06-14
comment,ghnmyve,nottheonion,"**edit: To Democrats of reddit, skip directly to the 3rd paragraph to avoid being upset.** I'm not trying to get 1000 downvotes for simply telling you how Washington works.

Hes saying Nancy's $2000 version of the plan only helps the wealthy. While his $2000 version of the plan better helps all americans. Their bills are different, and while Nancy had the leverage advantage for 10months, now the leverage has shifted to favor Mitch. The reality is either they pass his version of our $2000 check, or Joe gets to inherit a government shutdown. So he has them over a barrel, the same way Nancy had them over a barrel for most of the year.

Months ago, the Republicans covid relief had covid relief, plus things republicans liked, like bailout money for the airline industry. While the democrats' bill had covid relief, plus things democrats liked, like unemployment benefits. The republicans faulted the Democrats' bill for incentivizing unemployment, while the democrats faulted the Republicans' bi",https://www.reddit.com/comments/knwfby/_/ghnmyve,"[""airline""]","[""travel_language""]",0.5,0.0,0.1,travel,0.5,C,evaluate,evaluate,0,0,0,,codex-agent reviewed under market-research-relevance-v1 on 2026-06-14
comment,ghnn5n3,tinytower,Could I get the airline food and 2 Asian cuisine?  Thank you! 18B68,https://www.reddit.com/comments/knyucv/_/ghnn5n3,"[""airline""]","[""travel_language""]",0.5,0.0,0.1,travel,0.5,C,evaluate,evaluate,0,0,0,lexical_ambiguity,codex-agent reviewed under market-research-relevance-v1 on 2026-06-14
comment,ghnn7l6,paypal,"Basically, it's a lot of trouble and expense to launder your $500 Walmart Visa Gift Card via PayPal... so I'll try and keep it simple.
Can you not return your gift card to the nice person who gave it to you and request cash? Alternatively, provided your gift card is registered and has a PIN, you can use it to buy Money Orders at the USPS, Walmart or Western Union. Other options might be asking a family member or friend that's making a large purchase to use your card and pay you $500 in cash.",https://www.reddit.com/comments/ko02cu/_/ghnn7l6,"[""visa""]","[""travel_language""]",0.5,0.0,0.1,travel,0.5,C,evaluate,evaluate,0,0,0,payment_brand_visa,codex-agent reviewed under market-research-relevance-v1 on 2026-06-14
comment,ghnn8zd,narcos,"Blood On The Corn

In 1985, a murky alliance of drug lords and government officials tortured and killed a DEA agent named Enrique Camarena. In a three-part series, legendary journalist Charles Bowden finally digs into the terrible mystery behind a hero’s murder. Policeman Jorge Godoy says that he paid a $400 million bribe to Manuel Bartlett Diaz and Max Gomez on behalf of the Guadalajara Cartel. Rafael Caro Quintero escapes the Camarena murder investigation on a SETCO air flight while wearing DFS credentials with a CIA pilot

By Charles Bowden and Molly Molloy  Illustrations by Matt Rota[https://medium.com/matter/blood-on-the-corn-52ac13f7e643](https://medium.com/matter/blood-on-the-corn-52ac13f7e643)

Ex DEA Mike Holm and Hector Berrellez describe what happens when you try to stop Contra drugs and who really killed DEA agent Enrique KIKI Camarena September, 1998

[https://www.esquire.com/news-politics/a23704/pariah-gary-webb-0998/](https://www.esquire.com/news-politics/a23704/pariah-g",https://www.reddit.com/comments/knz6ps/_/ghnn8zd,"[""flight"",""customs""]","[""travel_language""]",0.5,0.0,0.1,travel,0.5,C,evaluate,evaluate,0,0,0,lexical_ambiguity,codex-agent reviewed under market-research-relevance-v1 on 2026-06-14
comment,ghnnl6r,mechmarket,"Thank you, I didn't know that. The thing is that I don't really want to pay for customs so I'd rather buy from a seller in the EU",https://www.reddit.com/comments/knisz1/_/ghnnl6r,"[""customs""]","[""travel_language""]",0.5,0.0,0.1,travel,0.5,C,evaluate,evaluate,0,0,0,,codex-agent reviewed under market-research-relevance-v1 on 2026-06-14
comment,ghnnp96,relationship_advice,"Single father here who got back into dating scene about a year ago after split with ex.

Since everyone has already touched on putting the kids first, here are some other thoughts....

Prepare yourself for rejection. Depending on your age and what you're looking for, a lot of women may not be interested in being a step mom. Don't take it personally, I think it's understandable, although it can be frustrating, so remain patient. A lot of women I met on a dating app where instantly turned off when I mentioned I've got kids. It kinda hurt a little having to be afraid to mention my own kids, anticipating an adverse response when the topic came up, but I did my best to not get offended by it.

Expect to add more kids to your life. Whether she is a single parent like you, or maybe she doesn't have any and will want children of her own, expect for the family to grow.

Maintain your standards. Don't become desperate and forget what you're looking for. If you don't already, make sure you kno",https://www.reddit.com/comments/knozfd/_/ghnnp96,"[""frustrating"",""app""]","[""pain_language"",""product_and_tool_language""]",0.0,0.4,0.5,app_opportunity,0.5,C,evaluate,evaluate,0,0,0,generic_product_mention,codex-agent reviewed under market-research-relevance-v1 on 2026-06-14
comment,ghnnpjo,ConservativeKiwi,"I agree with you generally, I think the focus should be on minimal immigration, incentivising Kiwis to work and have families. Other cultures who move here don't hesitate to to have large families, or send the money they make back home.


Immigrants (who are also white sometimes) can either assimilate and or go home.",https://www.reddit.com/comments/knz5q1/_/ghnnpjo,"[""immigration""]","[""travel_language""]",0.5,0.0,0.1,travel,0.5,C,evaluate,evaluate,0,0,0,political_immigration,codex-agent reviewed under market-research-relevance-v1 on 2026-06-14
comment,ghnnqj7,EscapefromTarkov,"Nope.  Had a wonderful encounter with a hacker today on customs, head eyes my Two buddies and I, we were around 30 meters apart, around different corners and he head eyes my buddy, jumped instantly 50 meters in front me and head eyes me, then my last friend seen him go back instantly to an angle on him and head eyes him. All one shots, 4 seconds apart.  Bang, bang, bang

He was a level 23 standard account",https://www.reddit.com/comments/knza58/_/ghnnqj7,"[""customs""]","[""travel_language""]",0.5,0.0,0.1,travel,0.5,C,evaluate,evaluate,0,0,0,,codex-agent reviewed under market-research-relevance-v1 on 2026-06-14
comment,ghnnsv9,Aleague,"It escapes out of managed isolation periodically (where people from overseas are doing their 2 weeks quarantine). Here in NZ we've had a few infections in nurses, drivers, cleaners and the like. The ports and airline staff are another possible source of infection. As long as you're on to it quickly with testing and contact tracing it's possible to eliminate it again. I hope they're not mucking around in Sydney, otherwise they could be in for a hard lockdown.",https://www.reddit.com/comments/knkcw2/_/ghnnsv9,"[""airline""]","[""travel_language""]",0.5,0.0,0.1,travel,0.5,C,evaluate,evaluate,1,0,0,,codex-agent reviewed under market-research-relevance-v1 on 2026-06-14
comment,ghnnvrz,brexit,"Will Northern Ireland be coloured as EU post Brexit? It appears to be part of EU in every way aside from political representation. By default of open borders with the Republic of Ireland, it would allow Schengen visa holders.",https://www.reddit.com/comments/knyj0c/_/ghnnvrz,"[""visa""]","[""travel_language""]",0.5,0.0,0.1,travel,0.5,C,evaluate,evaluate,1,0,0,,codex-agent reviewed under market-research-relevance-v1 on 2026-06-14
comment,ghnnxpn,Sexsells,"Heyyy loves, I’m Fantasia. I’m 5’7, have thick thighs 😘 I’m all tatted &amp;&amp; pierced. I’m a beautiful brunette and I am very vocal &amp; interactive in my work. And I love to know that I’m pleasing you but what I love even MORE is being pleased. mainly a domme but fetish friendly! I show face in all my content.

**PREMADES**
One premade video is $40 but i will do 2 for $60.


**CockRatings**
I love judging cocks and how much is in your load (; i do both honest and SPH ratings! My cock ratings are filled with what i would like to do with your cock and if it’s good enough for me &amp; a number rating. My rating videos last around 4 minutes.

*Non nude rating -$30
*Topless rating -$40
*Topless with added masturbation -$70

**Custom Content**
I love making custom content for you 😘 I always have my custom content made the same day so you can enjoy (; these are your set prices but certain fetishes can be added on as extra.

* 5 min custom- $50
* 10 min-$85
* 15 min - $120
* 30 min -",https://www.reddit.com/comments/ko181s/_/ghnnxpn,"[""app"",""payment""]","[""product_and_tool_language"",""pricing_and_payment""]",0.0,0.45,0.5,app_opportunity,0.5,C,evaluate,evaluate,0,0,0,promotion_or_bot,codex-agent reviewed under market-research-relevance-v1 on 2026-06-14
comment,ghnnz5t,NoStupidQuestions,I’m concerned about customs not letting me through because they think I’m going there to live and not to visit.,https://www.reddit.com/comments/ko0yw6/_/ghnnz5t,"[""customs""]","[""travel_language""]",0.5,0.0,0.1,travel,0.5,C,evaluate,evaluate,1,0,0,,codex-agent reviewed under market-research-relevance-v1 on 2026-06-14
comment,ghnnz77,ukpolitics,Doesn't need a passport for that. Loads of people have never had one.,https://www.reddit.com/comments/knv7jd/_/ghnnz77,"[""passport""]","[""travel_language""]",0.5,0.0,0.1,travel,0.5,C,evaluate,evaluate,0,0,0,,codex-agent reviewed under market-research-relevance-v1 on 2026-06-14
comment,ghno0r3,wallstreetbets,"I turned $300 into $40,000 in May/June on Airline Calls. However, call me crazy, but I doubt that my picks, nor this biggest dick contest you seem to want, will be able to stop FUBO drilling to sub $10 or jolt RKT out of its coma.

“*Past results are not an indication of future performance*”",https://www.reddit.com/comments/knxz7s/_/ghno0r3,"[""airline""]","[""travel_language""]",0.5,0.0,0.1,travel,0.5,C,evaluate,evaluate,0,0,0,,codex-agent reviewed under market-research-relevance-v1 on 2026-06-14
comment,ghno38u,narcos,"Further testimony by CIA agent Lawrence Victor Harrison at the KIKI Camarena murder trial

[https://isgp-studies.com/DL\_1985\_DEA\_agent\_torture\_with\_Mexican\_officials\_present](https://isgp-studies.com/DL_1985_DEA_agent_torture_with_Mexican_officials_present)

&amp;#x200B;

**Witness Says Drug Lord Told of Contra Arms**

**By HENRY WEINSTEIN JULY 7, 1990** TIMES STAFF WRITER

A prosecution witness in the Enrique Camarena murder trial testified Friday in Los Angeles federal court that Mexican drug lord Miguel Angel Felix Gallardo told him that he believed his narcotics trafficking operation was safe because he was supplying arms to the Nicaraguan Contras.

[https://www.latimes.com/archives/la-xpm-1990-07-07-mn-149-story.html](https://www.latimes.com/archives/la-xpm-1990-07-07-mn-149-story.html)

**Informant Puts CIA at Ranch of Agent’s Killer**

**By HENRY WEINSTEIN JULY 5, 1990** TIMES STAFF WRITER

The Central Intelligence Agency trained Guatemalan guerrillas in the early 198",https://www.reddit.com/comments/knz6ps/_/ghno38u,"[""embassy""]","[""travel_language""]",0.5,0.0,0.1,travel,0.5,C,evaluate,evaluate,0,0,0,,codex-agent reviewed under market-research-relevance-v1 on 2026-06-14
comment,ghnoa1u,SocialMediachicks,"TOP 2.6%

💦free solo vid + dick rating when subbed
💦discounted sex vids when subbed
💦daily uncensored posts
💦some g/g
💦public nudity
💦sexting available
💦naked hula hooping
💦customs available
💦real orgasms

Onlyfans: https://onlyfans.com/megs__dead",https://www.reddit.com/comments/ko19yl/_/ghnoa1u,"[""customs""]","[""travel_language""]",0.5,0.0,0.1,travel,0.5,C,evaluate,evaluate,0,0,0,promotion_or_bot,codex-agent reviewed under market-research-relevance-v1 on 2026-06-14
comment,ghnoc9i,flying,"Exactly. I hired one furloughed airline guy and I’m hoping that he can stay through Sep 2021. If he leaves, I’m hosed. So I hope the airline tries to run lean for the rest of 2021.",https://www.reddit.com/comments/kneich/_/ghnoc9i,"[""airline""]","[""travel_language""]",0.5,0.0,0.1,travel,0.5,C,evaluate,evaluate,0,0,0,,codex-agent reviewed under market-research-relevance-v1 on 2026-06-14
comment,ghnoe6b,ukpolitics,"Lawson was applying for residency, not citizenship.

To be French resident you need to be income tax resident. Members of the House of Lords must be UK tax resident. Faced with that dilemma he has sold up and has left a very agreeable part of SW France.

He was hoist by his own pétard, maybe he should have taken advice from an immigration expert before casting his vote.",https://www.reddit.com/comments/knv7jd/_/ghnoe6b,"[""immigration""]","[""travel_language""]",0.5,0.0,0.1,travel,0.5,C,evaluate,evaluate,1,0,0,,codex-agent reviewed under market-research-relevance-v1 on 2026-06-14
comment,ghnoh1g,ukpolitics,"All over the UK some people are celebrating the UK shooting itself in the foot, while it was in their mouth, and their head was up their ass.  Every day for, at least, the next year, the BBC will have story after story after story of Brexit-caused cockups and people having their lives screwed over or ruined. There will be  no winners except customs brokers.",https://www.reddit.com/comments/knoqs9/_/ghnoh1g,"[""customs""]","[""travel_language""]",0.5,0.0,0.1,travel,0.5,C,evaluate,evaluate,1,0,0,,codex-agent reviewed under market-research-relevance-v1 on 2026-06-14
comment,ghnoihs,vegas,the only things that apply to me are thunderbirds and tiger king. literally haven't been anywhere apart from a trail in the middle of nowhere and the immigration office (once),https://www.reddit.com/comments/knz0p2/_/ghnoihs,"[""immigration""]","[""travel_language""]",0.5,0.0,0.1,travel,0.5,C,evaluate,evaluate,0,0,0,,codex-agent reviewed under market-research-relevance-v1 on 2026-06-14
comment,ghnolsp,OnlyfansAmateurs,"TOP 2.6%

💦free vid + dick rating when subbed
💦discounted sex vids when subbed
💦daily uncensored posts
💦some g/g
💦public nudity
💦sexting available
💦naked hula hooping
💦customs available
💦real orgasms

Onlyfans: https://onlyfans.com/megs__dead",https://www.reddit.com/comments/ko1bxs/_/ghnolsp,"[""customs""]","[""travel_language""]",0.5,0.0,0.1,travel,0.5,C,evaluate,evaluate,0,0,0,promotion_or_bot,codex-agent reviewed under market-research-relevance-v1 on 2026-06-14
comment,ghnopkb,newzealand,"maybe, maybe not. Is a non monogamous relationship not a genuine relationship? Again I think immigration are setting a worrying precedent here",https://www.reddit.com/comments/knj8fq/_/ghnopkb,"[""immigration""]","[""travel_language""]",0.5,0.0,0.1,travel,0.5,C,evaluate,evaluate,1,0,0,,codex-agent reviewed under market-research-relevance-v1 on 2026-06-14
comment,ghnowgk,LeopardsAteMyFace,"&gt;And lastly, you have DACA, which gives legal immigrant benefits to people that didn't legally apply for the immigration process.

Yes, DACA gives immigration rights to certain classes of individuals who didn't have those rights before, making them legal immigrants, rather than illegal immigrants. You're opposing legal immigration rather than illegal immigration.

As for the levee, that's the individual mandate rather than the full ACA, which continues as law now. You're opposing legal public healthcare options rather than any government overreach.

This is standard Republcian stuff, and I'm sure the Republcian party will continue fighting your cause.",https://www.reddit.com/comments/knqpq5/_/ghnowgk,"[""immigration""]","[""travel_language""]",0.5,0.0,0.1,travel,0.5,C,evaluate,evaluate,0,0,0,,codex-agent reviewed under market-research-relevance-v1 on 2026-06-14
comment,ghnp0p5,politics,All i wanna know how hard is the immigration process... Well and do women have rights.. That is a very important defining rule for me..,https://www.reddit.com/comments/knogcs/_/ghnp0p5,"[""immigration""]","[""travel_language""]",0.5,0.0,0.1,travel,0.5,C,evaluate,evaluate,1,0,0,,codex-agent reviewed under market-research-relevance-v1 on 2026-06-14
comment,ghnp1hq,catalonia,"Catalonia has no international friends and there are not catalan lobbies in american/british media.
No massive immigration of catalan people in EEUU. No lobby then.
We have Germany against us. And UK too. France too because there is a ""french"" Catalonia too.

Also if Catalonia becomes free, south Europe get stronger and this is not wanted by France, UK, and Germany, etc...

Also catalan people doesn't match global discourse.
Catalan are ""white"", non poor, middle class.

Colonization inside Europe is invisible.

Spain economy is too big for rest of Europe to ignore.
They prefer to damage Catalonia than to damage Spain.
If Catalonia get free, Spain economy go down.",https://www.reddit.com/comments/kns5fm/_/ghnp1hq,"[""immigration""]","[""travel_language""]",0.5,0.0,0.1,travel,0.5,C,evaluate,evaluate,0,0,0,political_immigration,codex-agent reviewed under market-research-relevance-v1 on 2026-06-14
comment,ghnp21w,TheExpanse,"Depends on your family perspective.  Many of my ancestors that came from Europe were colonist, and arrived the new world decades or generations before independence.  Their descendants fought the revolution to found the country, and their descendants later traversed the Appalachians to settle western territories and states.

As for my views on immigration. Personally, I welcome immigrants that enter the country legally, and love seeing posts about people becoming nationalized citizens. I always post a congrats and encourage/remind them to register to vote.  Should the system as it it exists today be reformed to treat people more humanly? Yes. Do the immigration laws need to be updated for the 21st century? Yes.  But, if you enter it illegally or stay past your welcome, I respectfully ask you leave and re-enter it legally if you wish to return and stay.  If you won't leave, the federal government has a lawful obligation to return you to your country of origin.  Calling them ""undocument",https://www.reddit.com/comments/kmpgzf/_/ghnp21w,"[""immigration""]","[""travel_language""]",0.5,0.0,0.1,travel,0.5,C,evaluate,evaluate,0,0,0,political_immigration,codex-agent reviewed under market-research-relevance-v1 on 2026-06-14
comment,ghnp33k,news,"Many outlets have stopped publishing booking photos as a general policy to reduce the stigma against minorities, for whom those are often the only photos they have so they end up the only phots of the person in general circulation. There are some that still do, but they're dropping in number.",https://www.reddit.com/comments/knq0t5/_/ghnp33k,"[""booking""]","[""travel_language""]",0.5,0.0,0.1,travel,0.5,C,evaluate,evaluate,0,0,0,lexical_ambiguity,codex-agent reviewed under market-research-relevance-v1 on 2026-06-14
comment,ghnp5ni,politics,"I've got several issues with that article.

1. It is literally the only outlet reporting this story. This isn't necessarily evidence that it's bullshit, but it should always make you think twice before accepting their reporting.

2. It makes some pretty big assumptions about voting patterns (for example, someone who votes for Biden would necessarily vote for McGrath) and doesn't factor in McConnell's past election results. Here were his past margins: 0.4% (his first election, 1984), 4.4% (1990), 12.6% (1996), 29.4% (2002), 5.94% (2008, the year Obama was elected), and 15.5% (2014). The 19% he won by this year isn't strange at all.

3. The article makes an extremely misleading statement in the subheading. ""How Does an 18% Approval Rating Result in a 58% Win?"" Well, it does that by actually being a 39% approval rating (and the article provides no source for the 39% approval rating, but does for the 18% rating). As the article mentions in its second (very poorly formatted) second paragrap",https://www.reddit.com/comments/knsykv/_/ghnp5ni,"[""impossible to"",""reporting""]","[""pain_language"",""business_workflow_language""]",0.0,0.5,0.15,saas_opportunity,0.5,C,evaluate,evaluate,0,0,0,,codex-agent reviewed under market-research-relevance-v1 on 2026-06-14
comment,ghnpc5m,canada,"That’s a fair comment for sure. But we’re being told that immigration is the solution to these dwindling towns. It hasn’t worked, but we’re still running the programs.

Most of us aren’t against immigration on principle and would support it if it made sense. But we absolutely hate being lied to.",https://www.reddit.com/comments/knppwq/_/ghnpc5m,"[""immigration""]","[""travel_language""]",0.5,0.0,0.1,travel,0.5,C,evaluate,evaluate,0,0,0,political_immigration,codex-agent reviewed under market-research-relevance-v1 on 2026-06-14
comment,ghnpf75,blogsnark,"It happened to a friend their venue went out of business and basically dissolved itself so they cant reach anyone. I will say that I work in a somewhat wedding related industry and like 40% of people send lawyer nastygram's so they really aren't taken very seriously. Daily multiple people threaten ""legal action"" if they don't get what they want (not saying you are doing that just that its super common so no one takes it seriously because everyone does it.). So I wouldn't send one unless you have truly retained legal counsel and plan to move forward with legal action against the company. I would send an email saying that you will be reaching out to your financial institution if a refund is not received by X date. Dealing with a chargeback is going to motivate them to do something more, in my experience. Also there's no reason you can't leave a bad review, they are ignoring the agreed upon contract and refusing to talk to you, and thats literally just a fact so you aren't screwing them o",https://www.reddit.com/comments/knka7g/_/ghnpf75,"[""refund"",""reporting"",""chargeback"",""refund""]","[""travel_language"",""business_workflow_language"",""pricing_and_payment""]",0.0,0.55,0.25,saas_opportunity,0.55,C,evaluate,evaluate,0,1,0,,codex-agent reviewed under market-research-relevance-v1 on 2026-06-14
comment,ghnpfky,Visible,"Start reporting them and Down vote . And give them a pointer to the locked post in this Reddit. If that doesn't work just down Vote
Most of the people that post Speed tests are Kids that don't know better and really don't know anything about Networking
Mention it in your reply to down vote the idiots that can't read rules",https://www.reddit.com/comments/knyfso/_/ghnpfky,"[""reporting"",""doesn't work""]","[""business_workflow_language"",""comparison_and_dissatisfaction""]",0.0,0.5,0.15,saas_opportunity,0.5,C,evaluate,evaluate,0,0,0,,codex-agent reviewed under market-research-relevance-v1 on 2026-06-14
comment,ghnpj3d,camping,I have a low use yosemite backpacking route for a pretty much guaranteed same day permit since I would never plan far enough in advance to get a good reservation back in the day. It was quite a system to navigate.,https://www.reddit.com/comments/kn3z13/_/ghnpj3d,"[""reservation""]","[""travel_language""]",0.5,0.0,0.1,travel,0.5,C,evaluate,evaluate,1,0,0,,codex-agent reviewed under market-research-relevance-v1 on 2026-06-14
comment,ghnpjq4,CRPS,"I had a similar post up here 2 1/2 years ago for my daughter. Welcome. It’s a supportive group all trying to find a way through.

*complex ... not chronic. (I made the same mistake too.) remember that. It’s a lot of stuff that makes no sense, but is basically a body at war with it self. Nervous system vs. nervous system. Remember systems, not just a specific pain point.

Gabapentin: meh. Never heard of it actually helping.

Anti depressant: hell yeah. Systems. Remember that.

Breath. That’s helpful.
Stay steady. Don’t let it consume you.
Gotta stay calm, and maintain function. Normal activity begets normal function. It’s impossible to just do it. So be sure to integrate awesome things with the pain. Joy is not the absence of pain, but the presence of joy. Grow the joy.

And stop calling it pain. It’s better to not label it. Like Voldemort, it draws power from that. And you dear one are more powerful than any diagnosis.

Good luck. ((((Hugs))))

Stay steady.",https://www.reddit.com/comments/knzv1g/_/ghnpjq4,"[""impossible to"",""integrate""]","[""pain_language"",""product_and_tool_language""]",0.0,0.4,0.5,app_opportunity,0.5,C,evaluate,evaluate,0,0,0,,codex-agent reviewed under market-research-relevance-v1 on 2026-06-14
comment,ghnpjw5,unitedkingdom,"Lawson was applying for residency, not citizenship.

To be French resident you need to be income tax resident. Members of the House of Lords must be UK tax resident. Faced with that dilemma he has sold up and has left France.

He was hoist by his own pétard, maybe he should have taken advice from an immigration expert before casting his vote.",https://www.reddit.com/comments/knnxq4/_/ghnpjw5,"[""immigration""]","[""travel_language""]",0.5,0.0,0.1,travel,0.5,C,evaluate,evaluate,1,0,0,,codex-agent reviewed under market-research-relevance-v1 on 2026-06-14
comment,ghnpq8n,personalfinance,"Thank you! I actually have the IRS Gov app on my phone, but it's just ""pending""....like watching water boil for all of 2020. RIP. Even the phone numbers just go in a loop. I truly think it's impossible to speak with a government employee during a pandemic. lol",https://www.reddit.com/comments/ko17kn/_/ghnpq8n,"[""impossible to"",""app""]","[""pain_language"",""product_and_tool_language""]",0.0,0.4,0.5,app_opportunity,0.5,C,evaluate,evaluate,0,0,1,,codex-agent reviewed under market-research-relevance-v1 on 2026-06-14
comment,ghnpqji,ukpolitics,"Sovereignty sunlit uplands unicorn hunting prosper mightily blue passport fantastic year for Britain

Am I doing this right?",https://www.reddit.com/comments/knvk3g/_/ghnpqji,"[""passport""]","[""travel_language""]",0.5,0.0,0.1,travel,0.5,C,evaluate,evaluate,0,0,0,,codex-agent reviewed under market-research-relevance-v1 on 2026-06-14
comment,ghnpwup,AskReddit,"Already tried. I haven't gotten a notification from there, but I get a lot on here, so I figured I'd throw it on askreddit just in case someone tech savvy was roaming about. Thanks, though",https://www.reddit.com/comments/ko15b9/_/ghnpwup,"[""notification"",""roaming""]","[""product_and_tool_language"",""travel_language""]",0.5,0.25,0.45,travel,0.5,C,evaluate,evaluate,0,0,0,lexical_ambiguity,codex-agent reviewed under market-research-relevance-v1 on 2026-06-14
comment,ghnpzgn,IWantOut,"Melbourne, Australia has a strong music scene if you wanted to move there. Might take a while though until Australia opens for immigration",https://www.reddit.com/comments/knw1n8/_/ghnpzgn,"[""immigration""]","[""travel_language""]",0.5,0.0,0.1,travel,0.5,C,evaluate,evaluate,1,0,0,,codex-agent reviewed under market-research-relevance-v1 on 2026-06-14
comment,ghnq136,nova,"I played Laurel Hill once and found it very challenging. It’s a beautiful course but booking has been very difficult for me since I’m not a preferred member. If I could book a round for 4 I jump on it, but I prefer golfing by myself when not with friends and that seems to be impossible at Laurel Hill.",https://www.reddit.com/comments/kndgrq/_/ghnq136,"[""booking""]","[""travel_language""]",0.5,0.0,0.1,travel,0.5,C,evaluate,evaluate,0,0,0,lexical_ambiguity,codex-agent reviewed under market-research-relevance-v1 on 2026-06-14
comment,ghnqa4g,AquaSwap,"Hello everyone, I will edit this comment with the list of items and their prices

* Fluval Chi 2.5 Gallon (Top Left) - $25

   * Includes spare filters, spare filter/light combination for parts or repair.
   * Contains mainly MTS and one nerite
* Aqueron 10 Gal (Top Right) - $89

   * Fluval 206 canister pump and associated piping
   * NiCrew classic LED with extendable brackets
   * NiCrew Aquarium Light timer, dimmer, control unit
   * Hinged Glass Lid
   * Spare filters, additional HOB filters x2, heaters
* Fluval Spec III 2.5 Gallon (Bottom Right) - $40

   * Moss balls, driftwood, Ramhorn snails

Misc (work in progress)

1. Several low power, low noise air pumps
2. Saltwater salt
3. Saltwater salainity gauage
4. Freshwater aquarium salt
5. Various airline tubes
6. Hang on Back Breeder Tank, \~5"" x 3"" x 2"" with grates and piping
7. Isolation tank \~ 2.5 gallon

Meetup

\- Parking available on request. Masks required. Tanks are not necessarily sanitized, use your best judgment",https://www.reddit.com/comments/ko1kqp/_/ghnqa4g,"[""airline""]","[""travel_language""]",0.5,0.0,0.1,travel,0.5,C,evaluate,evaluate,0,0,0,,codex-agent reviewed under market-research-relevance-v1 on 2026-06-14
comment,ghnqfnz,retroid,"This. Comes with android 6 update en replaces the mouse mode. However, you can change it back to the mouse mode trough the gamepad mode app or something (not the gamepad test but the other one). But it actually works a bit better than the old mouse mode",https://www.reddit.com/comments/kntild/_/ghnqfnz,"[""app"",""better than""]","[""product_and_tool_language"",""comparison_and_dissatisfaction""]",0.0,0.4,0.5,app_opportunity,0.5,C,evaluate,evaluate,0,0,1,,codex-agent reviewed under market-research-relevance-v1 on 2026-06-14
comment,ghnqgja,AskALiberal,"No, Most visa whether student or other ones is literally just for rich people....it's very expensive to migrate",https://www.reddit.com/comments/kn6l10/_/ghnqgja,"[""visa""]","[""travel_language""]",0.5,0.0,0.1,travel,0.5,C,evaluate,evaluate,1,0,0,,codex-agent reviewed under market-research-relevance-v1 on 2026-06-14
comment,ghnqi87,Seattle,"&gt; Sometimes simply mentioning I need to work authorization help is enough to stop me from moving forward in the process.

If a Canadian applicant told me they were going to need sponsorship for work authorization, I would assume that they were not eligible for a TN because of previous visa rejections/criminal history or similar, and they would have to have blown my mind to make it worth continuing.",https://www.reddit.com/comments/knvugx/_/ghnqi87,"[""visa""]","[""travel_language""]",0.5,0.0,0.1,travel,0.5,C,evaluate,evaluate,1,0,0,,codex-agent reviewed under market-research-relevance-v1 on 2026-06-14
comment,ghnqpjp,Daytrading,"He is the exact definition of a front runner. And you just proved my point. You can't trade that way if you got less than 25k, and can't spend hundred plus a month in software fees. Buts it's okay because a new sucker is born ever minute and they don know any better that their 5k account and shitty broker won't work. Subscription services are high turn over. As long as new, unsuspecting suckers keep coming in, he keeps banking until he ends up in prison for front running or dies. Tim sykes is the God father of front running long before Ross started, but he focuses on OTCs where there is even more of a possibility to manipulate the stocks with alerts.",https://www.reddit.com/comments/kll5zi/_/ghnqpjp,"[""software"",""subscription""]","[""product_and_tool_language"",""pricing_and_payment""]",0.0,0.45,0.5,app_opportunity,0.5,C,evaluate,evaluate,0,1,0,,codex-agent reviewed under market-research-relevance-v1 on 2026-06-14
comment,ghnqsbt,northernireland,Passport or not they consider me British. That's not exactly what I signed up for.,https://www.reddit.com/comments/kny994/_/ghnqsbt,"[""passport""]","[""travel_language""]",0.5,0.0,0.1,travel,0.5,C,evaluate,evaluate,0,0,0,,codex-agent reviewed under market-research-relevance-v1 on 2026-06-14
comment,ghnqtqb,politics,"Agreed. The H-1B visa needs a complete overhaul that includes US worker protections, better regulation, AND proper enforcement.",https://www.reddit.com/comments/ko05yh/_/ghnqtqb,"[""visa""]","[""travel_language""]",0.5,0.0,0.1,travel,0.5,C,evaluate,evaluate,0,0,0,,codex-agent reviewed under market-research-relevance-v1 on 2026-06-14
comment,ghnqvok,sportsbook,"Not only an issue with draft kings. This also happens with FanDuel, in my experience. I’m not on draft kings so I can’t compare apples to apples, but with fan duel, I think there is this geolocation cookie or something that’s stored for a limited time.

I find if I close the app and reopen it a few mins later, the geolocation expires and I have to close the app and reopen it.

I missed out on two bets today because of that. It said my geolocation expired and I had to close and reopen the app, then I took the spread after it increased by 3 and lost both. Would have won both if I didn’t have to close/reopen the app. Super frustrating.",https://www.reddit.com/comments/knviij/_/ghnqvok,"[""frustrating"",""app""]","[""pain_language"",""product_and_tool_language""]",0.0,0.4,0.5,app_opportunity,0.5,C,evaluate,evaluate,0,0,1,,codex-agent reviewed under market-research-relevance-v1 on 2026-06-14
comment,ghnr67h,AskReddit,"Thank you!

We're gonna wait it out, bc I have family in Ireland and he has family in India so we'd like to have the wedding when they're able to fly out to us. Ideally it'll happen some point in summer 2021, and we have a tentative reservation for a venue in June, but we're aware that might not happen and made sure to book somewhere we could cancel without losing money if necessary.",https://www.reddit.com/comments/ko1n6y/_/ghnr67h,"[""reservation""]","[""travel_language""]",0.5,0.0,0.1,travel,0.5,C,evaluate,evaluate,1,0,0,,codex-agent reviewed under market-research-relevance-v1 on 2026-06-14
comment,ghnr6g8,PoliticalCompassMemes,"What makes you think immigrants post 1960 come here to leech on the welfare?

The statistics are overwhelmingly against it. Immigration has always been a net positive and one of the biggest strengths for the US especially when it comes to immigration of skilled workers.

The US wouldn't be dominating the world in tech if not for the immigration. Take a look at silicon valley to see how much of it is run by immigrants.

Even the un-skilled workers fills several vital jobs roles in agriculture, sanitation, housekeeping, etc...

What makes you think most of them come for the social programs?

Either you're awfully ignorant or masking your racism. Because immigration never seems to be an issue of its white people doing it.",https://www.reddit.com/comments/knpo76/_/ghnr6g8,"[""immigration""]","[""travel_language""]",0.5,0.0,0.1,travel,0.5,C,evaluate,evaluate,0,0,0,political_immigration,codex-agent reviewed under market-research-relevance-v1 on 2026-06-14
comment,ghnr7oj,japanlife,"The number of days you spend outside Japan doesn't really matter. What matters is the *reason* you are outside Japan. (For example, being sent on an overseas work assignment by your Japanese employer is completely different to taking a full-time job with an overseas employer.)

As a work visa-holder, you have a responsibility to be working for a qualified Japanese employer *or have a good reason for not doing so*. Whether the reason for your lack of work qualifies as a ""good"" reason will depend on your specific circumstances and motivations.

Whether you have Japanese tax residency also depends on the reason for you being outside Japan, but as a rule of thumb, a single absence of less than one year is not generally sufficient to trigger a loss of tax residency. The same applies to health/pension, etc.",https://www.reddit.com/comments/kmmuau/_/ghnr7oj,"[""visa""]","[""travel_language""]",0.5,0.0,0.1,travel,0.5,C,evaluate,evaluate,1,0,0,,codex-agent reviewed under market-research-relevance-v1 on 2026-06-14
comment,ghnr7yo,SkincareAddictionUK,omg amazing because I was looking at her practice the other day and was already thinking of booking in. thank u loads for the recommendation this has helped me a lot x,https://www.reddit.com/comments/knoj6m/_/ghnr7yo,"[""booking""]","[""travel_language""]",0.5,0.0,0.1,travel,0.5,C,evaluate,evaluate,0,0,0,,codex-agent reviewed under market-research-relevance-v1 on 2026-06-14
comment,ghnrci8,mendrawingwomen,"That's not new:

Each era has its customs, it was something common for men to be pushed to pursue and to believe they were made for it, thus resulting in characters, in movies and books, pursuing femmes fatales.

Then were cartoons like Betty boop or Jessica rabbit. They accomplished fantasies.
Hyper sexualization, escalation, getting used to it, exaggerating even more.
Also, people grew tired of the classic ""pursue the woman"" yadda, and movies showed more in-depth relations and ""deeper"" women characters. This lead to them developing character traits, of which some became more popular, such as vulnerability, which is some sort of psychological thing that a lot of men liked, I suppose. I say men because they were the main audience.
It's a well known stereotype in movies or books: unreachable woman, cold, gets close to MC, he reveals her true self and surprise she is actually sensible, weak, and she needs his almighty help and love.

Japan already had this things for far longer than Oc",https://www.reddit.com/comments/kl98co/_/ghnrci8,"[""customs""]","[""travel_language""]",0.5,0.0,0.1,travel,0.5,C,evaluate,evaluate,0,0,0,lexical_ambiguity,codex-agent reviewed under market-research-relevance-v1 on 2026-06-14
comment,ghnrmyk,energy_work,"Good! This is progress. What’s that saying: “you must put on your own oxygen mask before putting on the mask of your child.”

That instruction is given to parents *about their own children.* It’s not the airline saying “fuck your own kids.” It’s the airline saying “if you want your kids to survive - you’d better take care of yourself as first priority.” It’s just how it is.

So good for you for finally recognizing the difference between love and altruistic care, versus bad boundaries and poor reasoning.",https://www.reddit.com/comments/knwj2b/_/ghnrmyk,"[""airline""]","[""travel_language""]",0.5,0.0,0.1,travel,0.5,C,evaluate,evaluate,0,0,0,lexical_ambiguity,codex-agent reviewed under market-research-relevance-v1 on 2026-06-14
comment,ghnroa4,Frugal,"I guess it’s good to be realistic about where you stand in terms of immigration but also with the new administration I hope h1b situation will get better for example (not sure if that’s something you’re after)...so obvious we need a comprehensive immigration reform. You could try Canada express entry which is a much more humane system. And who knows, maybe you will fall in love and get married, which Unfort is still the easiest path to us citizenship. I always joke I wish I had married my husband earlier because it would have been simpler vs employment based path I took (which was hell and took 9 years) lol. But obvs everyone still assumes that from an east European woman so people always ask if we got married for green card. Oh well. I actually now wish I had gone to Canada because the lack of societal safety nets in the us just sucks and after achieving my “American dream” I will probably just end up back in Europe enjoying a simpler life. That’s the funny thing: be careful what you",https://www.reddit.com/comments/knz1cb/_/ghnroa4,"[""immigration""]","[""travel_language""]",0.5,0.0,0.1,travel,0.5,C,evaluate,evaluate,1,0,0,,codex-agent reviewed under market-research-relevance-v1 on 2026-06-14
comment,ghnrush,Bitcoin,"&gt; They ask for a government issued ID
&gt;
&gt; I ONLY have my government issued health card ID
&gt;
&gt; If anyone would have a solution for this shenanigan

Haven't you answered your own question?   A government issued ID means passport, or national or state ID.   In some countries, a driver's license is also considered a valid ID.   A health card is not a substitute for a government issued ID.",https://www.reddit.com/comments/ko1877/_/ghnrush,"[""passport""]","[""travel_language""]",0.5,0.0,0.1,travel,0.5,C,evaluate,evaluate,0,0,0,,codex-agent reviewed under market-research-relevance-v1 on 2026-06-14
comment,ghnrym7,unpopularopinion,"Absolutely. There is little the police can do when all they have to work with is hearsay, and they don’t have the manpower to launch full blown investigations on every rumor they receive. And who knows how she came across to the police (i.e sounded insane/unreliable). So yeah, if you are going to report something to the police it’s a good idea to have some sort of evidence of whatever you’re reporting.",https://www.reddit.com/comments/ko0bt0/_/ghnrym7,"[""unreliable"",""reporting""]","[""pain_language"",""business_workflow_language""]",0.0,0.5,0.15,saas_opportunity,0.5,C,evaluate,evaluate,0,0,0,,codex-agent reviewed under market-research-relevance-v1 on 2026-06-14
comment,ghnrzqm,Bitcoin,"&gt; what if someone would lend me there wallet (empty) for a lil bit.. and i return it with some funds in it for the service? It would help me tremendously!!

Do not do that.  Do not offer to do that.

If you want to do more trading, use a No-KYC P2P trading platform.  Paxful is a KYC'd platform, but there are others that are No-KYC.

*P2P Trading exchanges*

- [Person-to-person (P2P) Trading Exchanges](https://np.reddit.com/r/Bitcoin/comments/dyclf8)
- https://exchangerates.pro &lt;-- Choose country and/or Payment Method",https://www.reddit.com/comments/ko1877/_/ghnrzqm,"[""platform"",""payment""]","[""product_and_tool_language"",""pricing_and_payment""]",0.0,0.45,0.5,app_opportunity,0.5,C,evaluate,evaluate,0,0,0,,codex-agent reviewed under market-research-relevance-v1 on 2026-06-14
comment,ghns3bz,knifeclub,Had that same one for years before I dove into customs,https://www.reddit.com/comments/knxxwh/_/ghns3bz,"[""customs""]","[""travel_language""]",0.5,0.0,0.1,travel,0.5,C,evaluate,evaluate,0,0,0,lexical_ambiguity,codex-agent reviewed under market-research-relevance-v1 on 2026-06-14
comment,ghns76j,usanews,"&gt;The bans, which were issued in April and June, were set to expire on Dec. 31, but will be extended until March 31, 2021, the latest in a series of last-gasp immigration moves by the outgoing Trump administration. In October, a federal judge in California blocked Trump’s ban on foreign guest workers as it applied to hundreds of thousands of U.S. businesses that fought the policy in court. The judge found the ban would cause “irreparable harm” to the businesses by interfering with their operations and leading them to lay off employees and close open positions.",https://www.reddit.com/comments/ko1vop/_/ghns76j,"[""immigration""]","[""travel_language""]",0.5,0.0,0.1,travel,0.5,C,evaluate,evaluate,0,0,0,,codex-agent reviewed under market-research-relevance-v1 on 2026-06-14
comment,ghns77q,PoliticalDiscussion,"I’m conservative and I would be willing to let the other side win on their goal to fight climate change if they abandon their goal to restrict guns.

If one is keen on Republican Party principals of balancing the budget and opposed to illegal immigration to the USA, the science of climate change paints an alarming picture.

The planet is 1.1 C degrees warmer already (1.8 F) and is on target for 4C (7F) by 2100.

Even if miraculously CO2 emissions were stopped, the planets temperature will still climb 0.5c to 1.0c due to emissions already locked into the system. At this temperature the sea level will eventually rise 20-50 feet before stabilizing according to a 2016 study published in Nature Climate Chang. Also if greenhouse gas emissions continue at roughly today’s levels for another century, that may mean that sea levels 500 years from now would be nearly 50 feet higher as the Greenland and Antarctic ice sheets melt. This is not alarmism; this is where the science takes us.

https://",https://www.reddit.com/comments/ko19wf/_/ghns77q,"[""immigration""]","[""travel_language""]",0.5,0.0,0.1,travel,0.5,C,evaluate,evaluate,0,0,0,political_immigration,codex-agent reviewed under market-research-relevance-v1 on 2026-06-14
comment,ghnsc3j,WrestleWithThePlot,"Where there similar clips used in other wwe packages for previous tours (passport to pain, unleashed in the East)",https://www.reddit.com/comments/kng4o7/_/ghnsc3j,"[""passport""]","[""travel_language""]",0.5,0.0,0.1,travel,0.5,C,evaluate,evaluate,0,0,0,lexical_ambiguity,codex-agent reviewed under market-research-relevance-v1 on 2026-06-14
comment,ghnsefv,PoliticalCompassMemes,"Here's a sneak peek of /r/Sino using the [top posts](https://np.reddit.com/r/Sino/top/?sort=top&amp;t=year) of the year!

\#1: [AmeriKKKa also has “One Country Two Systems”](https://i.redd.it/nth02n9xne151.jpg) | [158 comments](https://np.reddit.com/r/Sino/comments/grweza/amerikkka_also_has_one_country_two_systems/)
\#2: [When 5 corporations own 90% of American media](https://v.redd.it/gy1bax4c99p41) | [171 comments](https://np.reddit.com/r/Sino/comments/fq21ht/when_5_corporations_own_90_of_american_media/)
\#3: [Outside US embassy in Seoul, South Korea!](https://i.redd.it/rw5ikzf45r251.jpg) | [78 comments](https://np.reddit.com/r/Sino/comments/gw1irt/outside_us_embassy_in_seoul_south_korea/)

----
^^I'm ^^a ^^bot, ^^beep ^^boop ^^| ^^Downvote ^^to ^^remove ^^| [^^Contact ^^me](https://www.reddit.com/message/compose/?to=sneakpeekbot) ^^| [^^Info](https://np.reddit.com/r/sneakpeekbot/) ^^| [^^Opt-out](https://np.reddit.com/r/sneakpeekbot/comments/joo7mb/blacklist_viii/)",https://www.reddit.com/comments/kns15j/_/ghnsefv,"[""embassy""]","[""travel_language""]",0.5,0.0,0.1,travel,0.5,C,evaluate,evaluate,0,0,0,,codex-agent reviewed under market-research-relevance-v1 on 2026-06-14
comment,ghnss7s,Crypto_com,"Hi, topping up the crypto.com card from debit is fee free. "" *There are no fees to top-up your Crypto.com Visa Card with credit/debit cards. "". I've done this multiple times since the GBP wallets have been out of use.
[support reference](https://help.crypto.com/en/articles/3652696-how-do-i-top-up-my-crypto-com-visa-card-eu-uk)",https://www.reddit.com/comments/knvlas/_/ghnss7s,"[""visa""]","[""travel_language""]",0.5,0.0,0.1,travel,0.5,C,evaluate,evaluate,0,0,0,payment_brand_visa,codex-agent reviewed under market-research-relevance-v1 on 2026-06-14
comment,ghnsu13,NMSCoordinateExchange,Well when you try to tell peeps that it’s on Xbox the mods take it down because that information makes it more confusing because it doesn’t matter what platform you are on for starships.(according to the mods),https://www.reddit.com/comments/knrj4o/_/ghnsu13,"[""confusing"",""platform""]","[""pain_language"",""product_and_tool_language""]",0.0,0.4,0.5,app_opportunity,0.5,C,evaluate,evaluate,0,0,0,,codex-agent reviewed under market-research-relevance-v1 on 2026-06-14
comment,ghnsv8x,brexit,"Look up visa requirements for italy. Plenty of people migrate, it's not as easy outside the EU but more than likely still possible.

Scotland may never rejoin. Best to plan based on things you can control.",https://www.reddit.com/comments/ko1vck/_/ghnsv8x,"[""visa""]","[""travel_language""]",0.5,0.0,0.1,travel,0.5,C,evaluate,evaluate,1,0,0,,codex-agent reviewed under market-research-relevance-v1 on 2026-06-14
comment,ghnsweh,crochet,"This is a Fakespot Reviews Analysis bot. Fakespot detects fake reviews, fake products and unreliable sellers using AI.

Here is the analysis for the Amazon product reviews:

&gt;**Name**: Lion Brand Yarn 525-212 Mandala Yarn, Spirit

&gt;**Company**: Lion Brand Yarn

&gt;**Amazon Product Rating**: 4.2

&gt;**Fakespot Reviews Grade**: A

&gt;**Adjusted Fakespot Rating**: 4.2

&gt;**Analysis Performed at**: 07-28-2018

[Link to Fakespot Analysis](https://fakespot.com/product/lion-brand-yarn-525-212-mandala-yarn-spirit) | [Check out the Fakespot Chrome Extension!](https://chrome.google.com/webstore/detail/fakespot-analyze-fake-ama/nakplnnackehceedgkgkokbgbmfghain)

*Fakespot analyzes the reviews authenticity and not the product quality using AI. We look for real reviews that mention product issues such as counterfeits, defects, and bad return policies that fake reviews try to hide from consumers.*

*We give an A-F letter for trustworthiness of reviews. A = very trustworthy reviews, F =",https://www.reddit.com/comments/ko1sj1/_/ghnsweh,"[""unreliable"",""extension""]","[""pain_language"",""product_and_tool_language""]",0.0,0.4,0.5,app_opportunity,0.5,C,evaluate,evaluate,0,0,0,promotion_or_bot,codex-agent reviewed under market-research-relevance-v1 on 2026-06-14
comment,ghnt049,juicybooties,"FREE ONLYFANS! solo &amp; B/G content 😈 let’s CUM 💦 together. Super fetish friendly &amp; kinky sexting ✨CUSTOMS✨ Link in bio. https://onlyfans.com/beauty2ashes FREE
https://onlyfans.com/beauty2ashes2 🌟VIP",https://www.reddit.com/comments/ko20iz/_/ghnt049,"[""customs""]","[""travel_language""]",0.5,0.0,0.1,travel,0.5,C,evaluate,evaluate,0,0,0,promotion_or_bot,codex-agent reviewed under market-research-relevance-v1 on 2026-06-14
comment,ghnt6g1,LowSodiumCyberpunk,"No. After you play through the end, you can choose to go back to the point of no return and keep free roaming/get different endings",https://www.reddit.com/comments/ko1lwi/_/ghnt6g1,"[""roaming""]","[""travel_language""]",0.5,0.0,0.1,travel,0.5,C,evaluate,evaluate,0,0,0,lexical_ambiguity,codex-agent reviewed under market-research-relevance-v1 on 2026-06-14
comment,ghnt8tx,WatchesCirclejerk,"&gt; 90% of the watch for 10% of the price

More like 10% of the watch for 2% of the price. You can get the same thing without a bullshit fake brand sticker for less if you just get a homage.

The Chinese homage factories and the Chinese fake factories are ... probably essentially the same factories really (they'll work with the same suppliers, or even buy parts from each other).

Neither has some magic manufacturing edge, but at least the homage crowd aren't criminals. You can buy their not-fakes without worrying about customs, paying a smuggler. And while you can kid yourself that smugglers are honest businessmen, if they can ""accidently"" send you a $50 fake instead of a $500 fake then they probably will.

If you find it fun to deal with the bullshit of getting a good fake, then bully to you. I guess it's kinda like being a Rolex fanboy who actually enjoys visiting the AD, but a little less posh and way more edgy.

Also, you are shitting on the people who buy luxury watches. Imagine",https://www.reddit.com/comments/knqctg/_/ghnt8tx,"[""customs""]","[""travel_language""]",0.5,0.0,0.1,travel,0.5,C,evaluate,evaluate,0,0,0,lexical_ambiguity,codex-agent reviewed under market-research-relevance-v1 on 2026-06-14
comment,ghnte1f,HomeImprovement,"I actually went back to my 8 year old ASUS router because Google Wi-Fi was complete trash at holding a good signal on the extension APs. The mesh network never reported better than ""okay"" or ""fair"" even if I located an access point within 20 ft line of sight of the base unit. Meanwhile the ASUS routed covered my entire 2700 sq ft house plus back and front yard and garage easily.",https://www.reddit.com/comments/ko1bii/_/ghnte1f,"[""extension"",""better than""]","[""product_and_tool_language"",""comparison_and_dissatisfaction""]",0.0,0.4,0.5,app_opportunity,0.5,C,evaluate,evaluate,0,0,1,,codex-agent reviewed under market-research-relevance-v1 on 2026-06-14
comment,ghnti0n,OnlineESLTeaching,Hi! I was hired with HelloKid back in April and left by June because my booking rates were so low and they said I had a low-conversion rate even though I had taught less than 25 classes with them. They build themselves up at first but I didn't have a great experience. Which sucks because I think that their platform was really cool and interactive. I think that because they are still new they don't really have the best understanding of how to get students and how to take care of their teachers. I've been teaching ESL online for almost 5 years now. Maybe they'll get better in time but I'm not a fan with how they do things currently and I'm glad we parted ways when we did.,https://www.reddit.com/comments/kn6etu/_/ghnti0n,"[""platform"",""booking""]","[""product_and_tool_language"",""travel_language""]",0.5,0.25,0.45,travel,0.5,C,evaluate,evaluate,0,1,0,,codex-agent reviewed under market-research-relevance-v1 on 2026-06-14
comment,ghntm6e,PoliticalCompassMemes,"You're already breaking down into bad faith argumentation.

Not all immigrants are coming here for welfare, and I never said as much, I said the incentive structure changed which means that now is a category which exists (and looking at Europe, as an example, one more common than I think you realize).

And, to be clear, I believe in fundamentally either restricting welfare for migrants or shifting to a merit based migration system. The former would solve the fundamental problem, regardless of race, and the latter would likely heavily overemphasize Asians, who, last I checked were not white.

Neither one of those are racist policies, and my preferred option, the former, would leave immigration mostly open and only deter migrants who are coming here predatorily in the first place, which is why it is my preferred option.

And, to be clear, as far as cultural concerns go, I'm far more in favor of large scale migration from India, indo-china, Polynesian Islands and Japan than I would be fro",https://www.reddit.com/comments/knpo76/_/ghntm6e,"[""immigration""]","[""travel_language""]",0.5,0.0,0.1,travel,0.5,C,evaluate,evaluate,0,0,0,political_immigration,codex-agent reviewed under market-research-relevance-v1 on 2026-06-14
comment,ghntpfr,relationships,"Nothing ever gets better if no one speaks up.  OP said they thought they knew the place as clean and legit, so it may have changed ownership lately.

There's a kind of older sensibility notion that ok, these women come to the US and they don't speak much English so they go into sex work, and they're fine with it.  They make some money, there's no real victim, and everyone is happy.  And if that's what's happening, then fine.

But the last few years we have learned a lot more about human trafficking.  It doesn't always look like people chained up.  Sometimes it's as simple as being taken to a country where you don't speak the language, your passport is taken away or you never had one, you are never given any of the money you earn and barely fed, and you are drugged to take the edge off most of the time, and occasionally beaten.  Maybe you see people who aren't obedient killed or disappear.  Maybe you are moved around to a different massage parlour every couple of weeks.

And if that'",https://www.reddit.com/comments/knyj37/_/ghntpfr,"[""passport""]","[""travel_language""]",0.5,0.0,0.1,travel,0.5,C,evaluate,evaluate,0,0,0,,codex-agent reviewed under market-research-relevance-v1 on 2026-06-14
comment,ghntsnt,politics,Perhaps I'd like to see Mastercard and Visa say as such while they cancel their credit cards and ban them from their services for life.,https://www.reddit.com/comments/knyz9l/_/ghntsnt,"[""visa""]","[""travel_language""]",0.5,0.0,0.1,travel,0.5,C,evaluate,evaluate,0,0,0,payment_brand_visa,codex-agent reviewed under market-research-relevance-v1 on 2026-06-14
comment,ghntugm,plan9,"I'm using it to learn operating systems. The ""inStAlL geNt0o/aRch/liNux to learn HoW aN oPeRaTinG Syst3m rLy WorKS!1!"" is a complete bullshit in comparison to plan9. With their hyper user oriented guides you don't understand the design and the abstractions of an OS, you just learn some procedures and how to tune some parameters by reading some guy's suggestions. Plan9 doesn't make any effort to hide the OS' mechanisms, and know why? Because they are simple and work. You won't find tons of layers and super wrapping tools. Reading the man and the simple code and understanding few abstractions will be enough.
I'm reading the Francisco Ballesteros' books, they are very good. I'm also planning to get a mini home pi-based workstation with plan9, I want to write audio/music software for it, as I am in that field.

Besides the learning thing, you will find many other reasons why people use it, and not everyone is technical. Under the psychological view, the plan9 environment is something you",https://www.reddit.com/comments/knxuq4/_/ghntugm,"[""painful"",""software""]","[""pain_language"",""product_and_tool_language""]",0.0,0.4,0.5,app_opportunity,0.5,C,evaluate,evaluate,0,0,0,,codex-agent reviewed under market-research-relevance-v1 on 2026-06-14
comment,ghnu0b1,DesignPorn,"Thank you, I'm tired of reporting this kind of bullshit. ""Posters"". ""Album Covers"". ""T-Shirts"". ""Sports something"".

All bullshit, not finished, hell, not even started, not designed, just thrown together. Graphics. ""Art"". Shitty illustrations, without purpose, brief, solutions, not even with problems to solve, just heaps of brainless shit.
There wasn't a post in months, where I'd say ""nice"", ""clever"", ""good solution"" or ""neat"". Just heaps upon heaps of manure, wit an occasional ""good start"".

I think we will get real problems with young talent in the next few years. The market is overcrowded with... failures... Not willing to read, to study, to turn their eyes and heads on.

I don't know where to recruit anymore, I can't seem to find good works to show to the agencies, fir them to recruit professional talent (""young talent"" is something else), people who I ""got"" from here didn't make it ""out there"" for longer than like four months, and the employers were not very demanding at all. Jobs",https://www.reddit.com/comments/knw0te/_/ghnu0b1,"[""reporting"",""willing to pay""]","[""business_workflow_language"",""pricing_and_payment""]",0.0,0.55,0.15,saas_opportunity,0.55,C,evaluate,evaluate,0,0,0,,codex-agent reviewed under market-research-relevance-v1 on 2026-06-14
comment,ghnu0vd,nba,"He claims he never lied and someone else got it wrong. The Kings confirmed they knew he was born in 1992, and Hield says his passport and drivers license also show Dec 1992.

So he was 19 when he graduated, meaning he was held back at some point. 23 when drafted, and turned 24 just after his rookie season started.",https://www.reddit.com/comments/knuyxv/_/ghnu0vd,"[""passport""]","[""travel_language""]",0.5,0.0,0.1,travel,0.5,C,evaluate,evaluate,0,0,0,,codex-agent reviewed under market-research-relevance-v1 on 2026-06-14
comment,ghnu28r,Ubuntu,"&gt;&gt; Why THE HECK IS THERE NOT A BASIC INSTALLER FOR JAVA

the package manager can install java... now WHICH java you specifically need... No idea. but the basics will be the same.

------------------------------

https://www.digitalocean.com/community/tutorials/how-to-install-java-with-apt-on-ubuntu-20-04

    java -version



If Java is not currently installed, you’ll see the following output:

Output
     Command 'java' not found, but can be installed with:

    sudo apt install default-jre              # version 2:1.11-72, or
    sudo apt install openjdk-11-jre-headless  # version 11.0.7+10-3ubuntu1
    sudo apt install openjdk-13-jre-headless  # version 13.0.3+3-1ubuntu2
    sudo apt install openjdk-14-jre-headless  # version 14.0.1+7-1ubuntu1
    sudo apt install openjdk-8-jre-headless   # version 8u252-b09-1ubuntu1

Execute the following command to install the default Java Runtime Environment (JRE), which will install the JRE from OpenJDK 11:

    sudo apt install default-j",https://www.reddit.com/comments/ko1nms/_/ghnu28r,"[""manually"",""software""]","[""workaround_language"",""product_and_tool_language""]",0.0,0.45,0.55,app_opportunity,0.55,C,evaluate,evaluate,0,0,0,,codex-agent reviewed under market-research-relevance-v1 on 2026-06-14
comment,ghnu68w,ScottishPeopleTwitter,"Watching from Australia, we’ve been told that the UK will be relaxing visa rules for Australian  people looking to work in the UK... like we’re going to come over and start polishing pandemic toilets because everyone has been sent back to Eastern Europe... fucking lol.  We will take your nurses though, thanks.",https://www.reddit.com/comments/knwrpb/_/ghnu68w,"[""visa""]","[""travel_language""]",0.5,0.0,0.1,travel,0.5,C,evaluate,evaluate,1,0,0,,codex-agent reviewed under market-research-relevance-v1 on 2026-06-14
comment,ghnu7nt,gaming,"&gt; Like i said maybe i lack the iq to enjoy/understand the story good for you

Also, I'm not trying to insult your intelligence. It's okay not to be comfortable with this type of genre. Some people are more familiar with a certain type of storytelling.

For example my friend only reads fantasy books, with typical fantasy tropes like dragons, powerful swords, with everything given a reason as ""because magic"". However he finds sci-fi books such as Dune, Blade Runner, Hyperion very alien to him. My friend isn't dumb he just dislikes sci-fi because he's unfamiliar with the way the story telling is done in those books. There are no pre-existing tropes like ""vampires die from wooden stake"" that he can rely on. He has to learn all the technology made within the lore of these stories in order to understand the story. It's something he finds difficult to understand.

Same goes with sci-fi story games. Cyberpunk tends to cover topics a lot more different and complicated than your typical fant",https://www.reddit.com/comments/ko1jpr/_/ghnu7nt,"[""difficult to"",""struggle with"",""software""]","[""pain_language"",""product_and_tool_language""]",0.0,0.4,0.5,app_opportunity,0.5,C,evaluate,evaluate,0,0,0,,codex-agent reviewed under market-research-relevance-v1 on 2026-06-14
comment,ghnud2s,unitedkingdom,"**Here’s to Britain’s future – and the beaming nation of happiness Brexit has made us**

There is a whole list of things to celebrate as we leave the European Union

*Mark Steel @mrmarksteel* 31 Dec 2020

What a day! It’s Brexit, so newspapers say it’s a “New dawn for Britain” and “Our finest hour”, and that must be why this country has never been happier.

Have you ever known a country to be more content, united and at one with itself than Britain is right now in our new dawn?

Everyone cracks with emotion as they tell you 2020 was the most glorious year of their lives, and this is the most optimistic New Year ever, with communities frolicking in the woods, singing: “Let’s jump and dance, we took our chance, now slightly less of our herring will go to France.”

You only have to glance at social media to observe our joyous spirit, full of messages such as “VICTORY over TRATORS PINTS not LEETERS” by someone called @loveBrexitmorethanmyownkidshateEUnapalmfrance34251.

At last we can c",https://www.reddit.com/comments/knzbjx/_/ghnud2s,"[""visa"",""customs""]","[""travel_language""]",0.5,0.0,0.1,travel,0.5,C,evaluate,evaluate,0,0,0,,codex-agent reviewed under market-research-relevance-v1 on 2026-06-14
comment,ghnue8m,Slutsofonlyfans,"💥Hot petite MILF | Lewds | nudes | pussy play | anal training | regular uploads | DMs open for my subs | customs available

💘 https://onlyfans.com/xoxomikki7",https://www.reddit.com/comments/ko285g/_/ghnue8m,"[""customs""]","[""travel_language""]",0.5,0.0,0.1,travel,0.5,C,evaluate,evaluate,0,0,0,promotion_or_bot,codex-agent reviewed under market-research-relevance-v1 on 2026-06-14
comment,ghnup1r,unitedkingdom,Then they bitch about the queues at airport immigration.,https://www.reddit.com/comments/knklxt/_/ghnup1r,"[""airport"",""immigration""]","[""travel_language""]",0.5,0.0,0.1,travel,0.5,C,evaluate,evaluate,1,0,0,,codex-agent reviewed under market-research-relevance-v1 on 2026-06-14
comment,ghnusxm,UKPersonalFinance,Do the nursing and use accountancy as a fall back. Nursing will open all the visa doors and you can always do finance-y things on the side,https://www.reddit.com/comments/ko0ma0/_/ghnusxm,"[""visa""]","[""travel_language""]",0.5,0.0,0.1,travel,0.5,C,evaluate,evaluate,1,0,0,,codex-agent reviewed under market-research-relevance-v1 on 2026-06-14
comment,ghnuu9n,EarthEnthusiasts,Yea I'd say a spreadsheet is the way to go. Check out LibreOffice if you don't have an Office 365 subscription.,https://www.reddit.com/comments/kni9us/_/ghnuu9n,"[""spreadsheet"",""subscription""]","[""workaround_language"",""pricing_and_payment""]",0.0,0.4,0.35,saas_opportunity,0.4,C,evaluate,evaluate,0,1,0,,codex-agent reviewed under market-research-relevance-v1 on 2026-06-14
comment,ghnuvv6,SeattleWA,"If Uber and Lyft close shop tomorrow, would their contractors be better off? Of course not, because they'll lose one option for making money. Right now they have ""every other job""+Uber, but if you shut them down they'll only have ""every other job"" at their disposal. If Uber drivers could make more money doing a different job, they wouldn't be driving cars around.

That's why minimum wage laws are evil. If you want to really help the poorest Americans, fight to enforce illegal immigration laws and to ban low skilled workers from entering legally.",https://www.reddit.com/comments/knrggo/_/ghnuvv6,"[""immigration""]","[""travel_language""]",0.5,0.0,0.1,travel,0.5,C,evaluate,evaluate,0,0,0,,codex-agent reviewed under market-research-relevance-v1 on 2026-06-14
comment,ghnuyel,electricvehicles,"Agreed. I just checked with the “120V host” since I messaged them prior to booking about the charger.

They linked the product page for a 16A 240V EVSE. It only delivered 12A 120V. No idea how they rigged it up to a 120V line, or if it was even the right product.",https://www.reddit.com/comments/knwkze/_/ghnuyel,"[""booking""]","[""travel_language""]",0.5,0.0,0.1,travel,0.5,C,evaluate,evaluate,0,0,0,,codex-agent reviewed under market-research-relevance-v1 on 2026-06-14
comment,ghnv1ca,vancouver,"I'm uncertain at the moment. I think the app companies, up to this point, have been maxing out the fees(there is a term for it that I cant remember) the largest amount of money a potential customer is willing to pay.

Uber says on the app that they are charging a fee of $x and are charging ME $x for the brokerage? fee.

I don't know if there are other fees hidden, billed directly to the restaurant or what but since the lowest common denominator is the driver, it seems likely we will get the shortest end of the stick.",https://www.reddit.com/comments/knomjo/_/ghnv1ca,"[""app"",""willing to pay""]","[""product_and_tool_language"",""pricing_and_payment""]",0.0,0.45,0.5,app_opportunity,0.5,C,evaluate,evaluate,0,0,1,,codex-agent reviewed under market-research-relevance-v1 on 2026-06-14
comment,ghnv8um,worldnews,It would depend which need the airline wants to cater to- the ones who wants to eat/drinl throughout their flights or the ones who don't want mask free people on the plane.,https://www.reddit.com/comments/knhib3/_/ghnv8um,"[""airline""]","[""travel_language""]",0.5,0.0,0.1,travel,0.5,C,evaluate,evaluate,1,0,0,,codex-agent reviewed under market-research-relevance-v1 on 2026-06-14
comment,ghnvat1,EscapefromTarkov,"Exactly. You want to go fast enough where they aren’t bored, but also keep in mind all the things you are processing quickly, they are just learning and to be patient.

It is also important to keep in mind the play style they want to try in a given run. If they wanna “chad it up” by all means let’s push dorms or resort. Questing/looting? Let’s load up good ol customs for some early ones

Giving direction and not dragging them along is incredibly important.",https://www.reddit.com/comments/ko0ekc/_/ghnvat1,"[""customs""]","[""travel_language""]",0.5,0.0,0.1,travel,0.5,C,evaluate,evaluate,0,0,0,lexical_ambiguity,codex-agent reviewed under market-research-relevance-v1 on 2026-06-14
comment,ghnvdch,AskReddit,Go bond one person out of immigration detention hell,https://www.reddit.com/comments/ko23ch/_/ghnvdch,"[""immigration""]","[""travel_language""]",0.5,0.0,0.1,travel,0.5,C,evaluate,evaluate,1,0,0,,codex-agent reviewed under market-research-relevance-v1 on 2026-06-14
comment,ghnvfm6,CommercialAV,"Was head LX for a major auto industry event at a very high end hotel. The client had their newest vehicle craned onto a custom support platform in the pool, on the 5th floor roof.

However, last day of the event the CEO of the company flew into town for a speech/dinner. The producer booked a very well regarded Opera performer as entertainment as the rider said CEO liked Opera. Little did they know they made a translation error and missed an accent. CEO didn't like opera, it was the one thing he didn't want.",https://www.reddit.com/comments/kflbn9/_/ghnvfm6,"[""platform"",""hotel""]","[""product_and_tool_language"",""travel_language""]",0.0,0.25,0.45,app_opportunity,0.45,C,evaluate,evaluate,0,0,0,,codex-agent reviewed under market-research-relevance-v1 on 2026-06-14
comment,ghnvitb,RedditOnlyFans,"TOP 2.6%

💦free vid + dick rating when subbed
💦discounted sex vids when subbed
💦daily uncensored posts
💦some g/g
💦public nudity
💦sexting available
💦naked hula hooping
💦customs available
💦real orgasms

Onlyfans: https://onlyfans.com/megs__dead",https://www.reddit.com/comments/ko228c/_/ghnvitb,"[""customs""]","[""travel_language""]",0.5,0.0,0.1,travel,0.5,C,evaluate,evaluate,0,0,0,promotion_or_bot,codex-agent reviewed under market-research-relevance-v1 on 2026-06-14
comment,ghnvtfw,kpophelp,"I can't really answer the microphone question since the only person I know who has numerous custom microphones is IU and she does it because she likes to.

As for the ciems (custom in-ear monitors) question, here are some answers.

1. With the exception of the big 3, most companies start off their idols with generic iems like the shure se215 or some other cheap model. These are universal models so anyone can wear them. Most companies don't have the money to pay for expensive custom iems, especially since they aren't sure if the group will succeed or not. The big 3 will buy lower end custom iem models for their idols to start off with and then upgrade them to better models later on.

2. As many companies are unable to pay for custom iems, many times a very rich fan will buy it for their favorite idol or fansites will pool money from donations to give to the company so that they can have the idol purchase one with the money donated. LOONA had all of their custom iems paid for by fans and",https://www.reddit.com/comments/ko20tt/_/ghnvtfw,"[""customs""]","[""travel_language""]",0.5,0.0,0.1,travel,0.5,C,evaluate,evaluate,0,0,0,lexical_ambiguity,codex-agent reviewed under market-research-relevance-v1 on 2026-06-14
comment,ghnvyfp,AmItheAsshole,"NTA. Just because it’s a family trip, it does not require you to spend every minute with family. Unless there was an itinerary that was agreed to before hand, you can do and fly as you please.",https://www.reddit.com/comments/knwele/_/ghnvyfp,"[""itinerary""]","[""travel_language""]",0.5,0.0,0.1,travel,0.5,C,evaluate,evaluate,1,0,0,,codex-agent reviewed under market-research-relevance-v1 on 2026-06-14
comment,ghnvzlc,canada,"There is no question that we will still feel some impact of the unprecedented impact of boomers living longer than previous age cohorts. Immigration does mitigate that somewhat, though, in addition to having a mildly stimulative effect on the economy generally.",https://www.reddit.com/comments/knppwq/_/ghnvzlc,"[""immigration""]","[""travel_language""]",0.5,0.0,0.1,travel,0.5,C,evaluate,evaluate,0,0,0,political_immigration,codex-agent reviewed under market-research-relevance-v1 on 2026-06-14
comment,ghnvzqv,BadBitchesClub,"💫40% off til New Year!

💥Hot petite MILF | Lewds | nudes | pussy play | anal training | regular uploads | DMs open for my subs | customs available

💘 https://onlyfans.com/xoxomikki7",https://www.reddit.com/comments/ko2gvp/_/ghnvzqv,"[""customs""]","[""travel_language""]",0.5,0.0,0.1,travel,0.5,C,evaluate,evaluate,0,0,0,promotion_or_bot,codex-agent reviewed under market-research-relevance-v1 on 2026-06-14
comment,ghnwb38,running,"Things I worry about while running, in order:

1. Humans in cars
2. Humans in groups
3. Humans by themselves
4. Domesticated animals in groups, with a leader
5. Domesticated animals in groups with no clear leader
6. Domesticated animals in cars
7. Domesticated animals by themselves
8. Wild animals

If I die by hawk, wolf, bear, cougar, or moose put it on my tombstone and call it good. Odds are against it, but it would sound cooler than ""hit by a someone choosing an emoji.""  Someone mentioned rattlesnake, that's a real hazard in the southwest of the US on trails especially. But I've been dive-bombed by a red tailed hawk once: I've had stuff thrown out of cars about six, I've had to dive into the brush twice to avoid driving texters, I've been deliberately close-passed countless times...then there's the collarless pit bulls roaming the countryside.  I would guess that the hawk incident is unlikely to ever happen again.",https://www.reddit.com/comments/knqm1m/_/ghnwb38,"[""roaming""]","[""travel_language""]",0.5,0.0,0.1,travel,0.5,C,evaluate,evaluate,0,0,0,lexical_ambiguity,codex-agent reviewed under market-research-relevance-v1 on 2026-06-14
comment,ghnwgh3,datingoverthirty,"This is a really good point. If someone has ""too much success"" and leaves the platform, the app needs to hope that the couple refers new members. If someone has absolutely no success, they are going to leave the app, and may tell people they know that the app doesn't work which might discourage new people from signing up.

As much as people who are looking for a long term relationship might not like it, people who are continuously and successfully looking for a string of short term flings are the ideal customer for dating apps. They will happily stay on the apps indefinitely.

If one wants to have an app that prioritizes people looking for a long term relationship, the business model needs to incentivize it. The best idea that I can come up with would be an app with a large upfront but lifetime membership. The app would be incentivized to match you with a long term partner so you are no longer using their resources and to generate new users by referrals from former users who found thei",https://www.reddit.com/comments/kns5lx/_/ghnwgh3,"[""app"",""platform"",""doesn't work""]","[""product_and_tool_language"",""comparison_and_dissatisfaction""]",0.0,0.4,0.5,app_opportunity,0.5,C,evaluate,evaluate,0,0,1,,codex-agent reviewed under market-research-relevance-v1 on 2026-06-14
comment,ghnwlux,Genshin_Impact,Some prepaid cards are only valid in country of purchase. Make sure to check the full details of card. I tried using a prepaiid visa but unfortunately it was only valid in U.S.,https://www.reddit.com/comments/ko125g/_/ghnwlux,"[""visa""]","[""travel_language""]",0.5,0.0,0.1,travel,0.5,C,evaluate,evaluate,0,0,0,payment_brand_visa,codex-agent reviewed under market-research-relevance-v1 on 2026-06-14
comment,ghnwn83,entitledparents,"I'm so sorry for your losses, the loss of your time, effort, and trust in the woman who is supposed to love you most, and the man who is supposed to protect you.

Now, when you have some time, I want you to sit down, and watch ""Guess Who's Coming To Dinner,"" the original one with Sidney Poitier, Katherine Hepburne and Spencer Tracy.  There is a scene in the second act, between Sidney Poitier and his father that you need to watch, rewind, watch again, rewind again, watch again, memorize, and then, rewind and SHOW IT TO YOUR PARENTS.

You'll know which one it is.

Your mother and father OWE you EVERYTHING that they gave you growing up, because they CHOSE to have you.  They are literally obliged to raise you to adulthood.  What YOU earn is yours, and yours alone.  Had she asked, you might have wished to share with her, and given her a nice gift.  But she didn't ask.  She stole.  You can call the police and charge her with theft, because that is exactly what happened.  And your father know",https://www.reddit.com/comments/knq9xo/_/ghnwn83,"[""passport""]","[""travel_language""]",0.5,0.0,0.1,travel,0.5,C,evaluate,evaluate,0,0,0,,codex-agent reviewed under market-research-relevance-v1 on 2026-06-14
comment,ghnwxwk,BasicBulletJournals,"My future log is for loosely keeping in mind events I know the general timing of but don’t need to nail down, like “February: first semester starts” or “September: burning man!” Things I need to consider if I make long term plans.

My monthly marks the days of events I keep in mind a few weeks out, like “21st: Meg’s birthday” or “9th: last day to turn in books”. I add to it sporadically as things pop up in the current month. This helps remind me as the weeks go on what I have coming up. With 30 days, if I got very detailed here it would be crammed and hard to keep track of.

My weekly nails things down closer with the timing, when things are and what days I’ll do what tasks on. This would include “Thurs: Meg’s Party, 4:30” or “Monday: take books back to library”. This I do at the beginning the week and only add to it if something new or forgotten comes up. This is useful to prevent double booking things, or accidentally leaving too many chores for the last day.

My dailies are very sp",https://www.reddit.com/comments/knv6pd/_/ghnwxwk,"[""booking""]","[""travel_language""]",0.5,0.0,0.1,travel,0.5,C,evaluate,evaluate,0,0,0,lexical_ambiguity,codex-agent reviewed under market-research-relevance-v1 on 2026-06-14
comment,ghnwybk,CoronaBumpers,"We just went through a similar situation at 30 weeks - a toddler in my daughter's four-person daycare room tested positive. (Worst part was the parents got results on a Thursday, after testing on Monday, so my daughter was exposed to this positive child for three days indoors). We were dreading it - we stocked up on food and I cancelled my OB appointment but incredibly my daughter didn't get it. We just hit day 14. She wears a mask at daycare, that's the only thing I can think of that protected us.

One thing you could do right now is start wearing a mask. I wore a mask around my daughter for 14+ hours a day for the first ten days of her quarantine. It sucked, especially the middle of the night wake ups to have to fumble with getting a mask on, but had she gotten COVID I believe I would've gotten a lower viral load, which could help. Fingers crossed for you!",https://www.reddit.com/comments/knxdgv/_/ghnwybk,"[""worst part"",""appointment""]","[""pain_language"",""business_workflow_language""]",0.0,0.5,0.15,saas_opportunity,0.5,C,evaluate,evaluate,0,0,0,,codex-agent reviewed under market-research-relevance-v1 on 2026-06-14
comment,ghnwyef,Unemployment,"But that doesn’t explain the payment that they’ve been holding of mine for the last week.  The program ended the 26th and they haven’t paid out my last week.  That’s what I was assuming was happening with everyone else.  If they gave us this excuse after we all certified this coming Sunday, then I’d understand.  But this payment that I believe we’re all waiting on still fell under the CARES extension.  Right?",https://www.reddit.com/comments/knspxa/_/ghnwyef,"[""extension"",""payment""]","[""product_and_tool_language"",""pricing_and_payment""]",0.0,0.45,0.5,app_opportunity,0.5,C,evaluate,evaluate,0,0,0,,codex-agent reviewed under market-research-relevance-v1 on 2026-06-14
comment,ghnx0l9,news,"[Case Study: Lupe Fuentes](https://www.google.com/amp/s/www.buzz.ie/amp/weird/this-porn-star-saved-a-man-from-20-years-in-prison-62297)

That actually reminds me of an incident four years ago... Pornstar bails out man at airport after her porn made him a suspect in child pornography during customs inspections.",https://www.reddit.com/comments/knrtfn/_/ghnx0l9,"[""airport"",""customs""]","[""travel_language""]",0.5,0.0,0.1,travel,0.5,C,evaluate,evaluate,1,0,0,,codex-agent reviewed under market-research-relevance-v1 on 2026-06-14
comment,ghnx9ca,auckland,"No clue, I would say it's just because we're all ordering a lot of stuff and customs/MPI is having a harder time keeping up",https://www.reddit.com/comments/kncaee/_/ghnx9ca,"[""customs""]","[""travel_language""]",0.5,0.0,0.1,travel,0.5,C,evaluate,evaluate,0,0,0,,codex-agent reviewed under market-research-relevance-v1 on 2026-06-14
comment,ghnxbbx,tmobile,"Yep! I was able to add the line no problem, used an esim so no charge!",https://www.reddit.com/comments/knbvix/_/ghnxbbx,"[""esim""]","[""travel_language""]",0.5,0.0,0.1,travel,0.5,C,evaluate,evaluate,0,0,0,,codex-agent reviewed under market-research-relevance-v1 on 2026-06-14
comment,ghnxi24,memes,"Hey dude, i just painted my own passport. Arstotzka is the greatest county ever!",https://www.reddit.com/comments/knzgml/_/ghnxi24,"[""passport""]","[""travel_language""]",0.5,0.0,0.1,travel,0.5,C,evaluate,evaluate,0,0,0,lexical_ambiguity,codex-agent reviewed under market-research-relevance-v1 on 2026-06-14
comment,ghnxl9i,newzealand,"&gt; Immigration lawyer Simon Laurent

Lol fuck off. Not gonna say too much on here but I imagine a few INZ people will be enjoying this guy’s new media profile.",https://www.reddit.com/comments/knplqi/_/ghnxl9i,"[""immigration""]","[""travel_language""]",0.5,0.0,0.1,travel,0.5,C,evaluate,evaluate,0,0,0,,codex-agent reviewed under market-research-relevance-v1 on 2026-06-14
comment,ghnmvqu,Crossout,"Technically, you told me how. If you wish for him to see the notification, you must reply to his post.",https://www.reddit.com/comments/ko0ar5/_/ghnmvqu,"[""notification""]","[""product_and_tool_language""]",0.0,0.25,0.35,app_opportunity,0.35,D,discard,discard,0,0,0,,codex-agent reviewed under market-research-relevance-v1 on 2026-06-14
comment,ghnmza7,SaGa_ReuniverSe,"the first payment does not matter because it has no bearing on the second payment. you can simply stop after the first step, as i advise.

the first payment is worth it because even if you do get lucky, you paid less than what you normally would have. the second payment is NOT forced and if you do get lucky, you just paid more than what you normally would have. of course, there are a lot of other factors (ie, did you pull the S final emperor or do you want Subier) but if you are just hunting a single SS, doing the second step is a bad proposition because you are punished if you get lucky.

this is very much in the same way that a 10 multi makes you overpay if you are hunting single SSs almost every time, as it is technically better to do singles in that case so you do not waste jewels. same thing here. you overpay for 10 pulls to get a discount for 20 when you could get what you want on pull 5.",https://www.reddit.com/comments/knib2s/_/ghnmza7,"[""payment""]","[""pricing_and_payment""]",0.0,0.2,0.15,saas_opportunity,0.2,D,discard,discard,0,0,0,,codex-agent reviewed under market-research-relevance-v1 on 2026-06-14
comment,ghnmzna,AttTVNow,"I changed from the max to the Xtra a few months ago. I cancelled my subscription then resubscribed straight away with the Xtra package. (After the remaining time in my subscription expired)

MLB network is in choice, NHL and NBA are only in Xtra",https://www.reddit.com/comments/ko0rt8/_/ghnmzna,"[""subscription""]","[""pricing_and_payment""]",0.0,0.2,0.15,saas_opportunity,0.2,D,discard,discard,0,0,0,,codex-agent reviewed under market-research-relevance-v1 on 2026-06-14
comment,ghnn2vu,infertility,"Ran across this recent paper (Oct 2020) summarizing the results of 1,000 mosaic embryo transfers, which may be of interest to folks -
https://asrm.confex.com/asrm/2020/meetingapp.cgi/Paper/8302

Meanwhile, I'm now sitting on two aneuploid embryos on ice (single whole chromosome missing, different chromosome for each embryo, reported as ""aneuploid"" rather than ""mosaic,"" but no additional info about percent aneuploidy) and wondering whether, when, how to reach out to clinics to discuss possible transfer (after consultation with genetic counselor).  These are the only ones we've got.  Taking a break while we figure out if we want to do another egg retrieval, whether we want to try donor eggs and/or sperm, whether and where we want to go for a second opinion, etc.  Mostly rambling.  Hoping to draw back from IVF a bit so I can focus on other parts of my life I've neglected since my first IVF cycle a few months ago, but time is still and always a frustrating concern.

If anyone has recommen",https://www.reddit.com/comments/knvtv3/_/ghnn2vu,"[""frustrating""]","[""pain_language""]",0.0,0.15,0.15,app_opportunity,0.15,D,discard,discard,0,0,0,,codex-agent reviewed under market-research-relevance-v1 on 2026-06-14
comment,ghnnbe7,RocketLeague,"**Unfortunately, we've had to remove your post.**

_________

## 2. Behavioral guidelines

We want r/RocketLeague to be a friendly and welcoming community. Rocket League is a game that attracts people from all ages and all backgrounds and as a result it is important that our users behave in a mature manner at all times. Do not spam, harass, insult, or use hate-speech at any time towards other users, even if it is in a jokingly manner.

Discrimination based on race, gender, sexual orientation, and similar bigotry are not tolerated on the subreddit. Wishing harm on others or encouraging self-harm or suicide, as well as the aforementioned behavior, is grounds for an immediate permanent ban from the subreddit without warning.

## 3. General posting guidelines

We want r/RocketLeague to be the best source of discussion and entertainment for the game online and to accomplish that we want to ensure that quality content is not drowned out by low-effort or low-quality submissions. Generic state",https://www.reddit.com/comments/ko0zvs/_/ghnnbe7,"[""software""]","[""product_and_tool_language""]",0.0,0.25,0.35,app_opportunity,0.35,D,discard,discard,0,0,0,,codex-agent reviewed under market-research-relevance-v1 on 2026-06-14
comment,ghnnc63,DataHoarder,"Sublime Text 3


This software is a godsend for quickly formatting giant sets of lists. You can Ctrl+Click to get extra carets for editing. So instead of typing in one place, you're typing in multiple places at once. It's extremely powerful with Find command and Keyboard Arrow Down

They show a quick demo of it on the homepage https://www.sublimetext.com/",https://www.reddit.com/comments/knujbh/_/ghnnc63,"[""software""]","[""product_and_tool_language""]",0.0,0.25,0.35,app_opportunity,0.35,D,discard,discard,0,0,0,,codex-agent reviewed under market-research-relevance-v1 on 2026-06-14
comment,ghnnjh8,destiny2,It’s fun to use but frustrating to go against. As a PVP guardian I’m done with D2 until Stasis is either nerfed to the core or disabled in PVP.,https://www.reddit.com/comments/knvoko/_/ghnnjh8,"[""frustrating""]","[""pain_language""]",0.0,0.15,0.15,app_opportunity,0.15,D,discard,discard,0,0,0,,codex-agent reviewed under market-research-relevance-v1 on 2026-06-14
comment,ghnnr5p,RocketLeagueExchange,"Your post has been automatically removed because you did not correctly order the tags in your **post title**. The tags are being required in a specific order to keep everything easy to read.

Format: ""[Platform] [H] Items [W] Items""

""[H]"" is for items you 'Have' and ""[W]"" is for items you 'Want'

Platform tags: ""[Xbox]"", ""[PC]"", ""[PSN]"", and ""[Switch]"".

Post Example: ""[PC] [H] Pink Zombas [W] Credit Offers""

Note: If you own multiple platforms, you may use up to 4 platform tags on posts. You **must** own the platform(s) you are posting.

Example. ""[Platform1] [Platform2] [H] Items [W] Offers""

Other title tags for **non trading posts**:

[Discussion] [Price Check] [Question]

*I am a bot, and this action was performed automatically. Please [contact the moderators of this subreddit](/message/compose/?to=/r/RocketLeagueExchange) if you have any questions or concerns.*",https://www.reddit.com/comments/ko171y/_/ghnnr5p,"[""platform""]","[""product_and_tool_language""]",0.0,0.0,0.0,app_opportunity,0.0,D,discard,discard,0,0,0,,codex-agent reviewed under market-research-relevance-v1 on 2026-06-14
comment,ghno13n,GamingLaptops,"I have the omen (ryzen 4800h/1660ti). It's pretty good. I would recommend you get something with a ryzen 4800h, the battery life is a lot better than the intel counterparts.

However, if you can wait, I would probably wait and see if you can snag an rtx 3060 laptop when they release. You'll get a lot more performance for your budget",https://www.reddit.com/comments/ko0j2t/_/ghno13n,"[""better than""]","[""comparison_and_dissatisfaction""]",0.0,0.15,0.15,app_opportunity,0.15,D,discard,discard,0,0,0,,codex-agent reviewed under market-research-relevance-v1 on 2026-06-14
comment,ghno1wr,suboxone,"The people in your life, quite frankly, are morons. If they don’t understand what empirical or evidence based practice is, then they can go fuck themselves.

My life was literally in shambles until I found Subutex. So basically your family is telling you to most likely ruin your life because they have an entirely unfounded prejudice against this medicine.

Idiots. Let’s be honest. In a world assuming these people are all white, if this was 1855, they’d not only be slave owners but would legit believe they were better than blacks and that the sun revolved around the earth.",https://www.reddit.com/comments/knpx2f/_/ghno1wr,"[""better than""]","[""comparison_and_dissatisfaction""]",0.0,0.15,0.15,app_opportunity,0.15,D,discard,discard,0,0,0,,codex-agent reviewed under market-research-relevance-v1 on 2026-06-14
comment,ghno3qy,wokekids,"It’s not his fault. He would happily propagate his seed if he could find an appropriate female - an intelligent, atheist, submissive, female with perfect or near-perfect physical proportions (it’s not *his* job to lower the quality of his offspring just to make some insecure woman feel better), who knows how to cook, control her emotions, when to speak and when not to speak, when she knows about a topic and when she doesn’t (females are very bad at this), how to nurture and embrace the female role of caregiver that biology has given her....instead they’re all hooking up with Chads from their megachurches and posting their overpriced coffees on Instagram and whining about how expensive they are and crying every time they get dumped. Maybe if they were willing to date a real gentleman with real intelligence and real insight into the nature of reality, they wouldn’t be so miserable and barren. But since they can’t bring themselves to accept the truth, now both he and the world’s finest fe",https://www.reddit.com/comments/knwau7/_/ghno3qy,"[""overpriced""]","[""pricing_and_payment""]",0.0,0.2,0.15,saas_opportunity,0.2,D,discard,discard,0,0,0,,codex-agent reviewed under market-research-relevance-v1 on 2026-06-14
comment,ghno4wq,cursedcomments,Can't believe people actually thought it was gonna be any better than 2020,https://www.reddit.com/comments/knwtsd/_/ghno4wq,"[""better than""]","[""comparison_and_dissatisfaction""]",0.0,0.15,0.15,app_opportunity,0.15,D,discard,discard,0,0,0,,codex-agent reviewed under market-research-relevance-v1 on 2026-06-14
comment,ghno7lb,tattoos,That looks great! The artist Ben used to work at another shop here in ROC called Pyramid. I’ve been trying to get an appointment there for months. Might have to check out cosmic reaper.,https://www.reddit.com/comments/knwybl/_/ghno7lb,"[""appointment""]","[""business_workflow_language""]",0.0,0.35,0.0,saas_opportunity,0.35,D,discard,discard,0,1,0,,codex-agent reviewed under market-research-relevance-v1 on 2026-06-14
comment,ghnoa77,Domains,"Look at [Sav.com](https://Sav.com). If you're the only one wanting it and they catch it, it's $6.95 and no extra fees. If there's more it will go into an auction but that's normal in such cases.

Edit: For a better capture chance, use a Dynadot backorder.

Otherwise (next level) the maximal chance of catching it is at Dropcatch and SnapNames (roughly $60) but these tend to get into auction if your domain is in demand.

If you DM me the name I can tell you which one to pick depending on it's value. But this is optional of course, as you might not want to share and that's unerstandable.

Edit: if your domain has just a bit of demand, chances of you catching manually are slim to nil.

Edit2: People who really want a domain backorder it everywhere, and if it is caught you pay just in that place and not the others, but you highly increase the chance of getting it.",https://www.reddit.com/comments/knopbc/_/ghnoa77,"[""manually""]","[""workaround_language""]",0.0,0.2,0.2,app_opportunity,0.2,D,discard,discard,0,0,0,,codex-agent reviewed under market-research-relevance-v1 on 2026-06-14
comment,ghnob89,CallofDutyMobileES,"Así es bro, en la versión China se usa la técnica del comprimido. Pará reducir el espacio de los artículos no utilizados por la app. Un ejemplo que te puedo dar es el Warzone, que pesa mucho porque la mayoría de su contenido gráfico no está comprimido. Pero si entras a los datos del juego encontrarás todo el contenido y más, como las skins Jay y la ICR legendaria de la versión China",https://www.reddit.com/comments/knvll1/_/ghnob89,"[""app""]","[""product_and_tool_language""]",0.0,0.25,0.35,app_opportunity,0.35,D,discard,discard,0,0,0,,codex-agent reviewed under market-research-relevance-v1 on 2026-06-14
comment,ghnob9n,Frugal,"You are amazing and it’s especially impressive because you are an immigrant. I am one too, so everything is double-triple-quadruple hard. Stuff that is easy for others ain’t so easy for us. The fight or flight mentality never goes away and actually I think it’s a good thing. I take nothing about my life in the US for granted and work very hard. But now in addition to working hard, I also want to be more intentional and mindful about my spending and being brainwashed by the American money-is-king attitude. Debt free is the best way to go. Congrats.",https://www.reddit.com/comments/knz1cb/_/ghnob9n,"[""flight""]","[""travel_language""]",0.0,0.0,0.1,app_opportunity,0.1,D,discard,discard,0,0,0,,codex-agent reviewed under market-research-relevance-v1 on 2026-06-14
comment,ghnocrh,PS3,"I have a lot of trophies on the Beatles Rockband which was very hard to get, and I can't get the trophies back because I wasn't signed into PSN to get them to sync online. And I've completed 2 games on there that took around 12 hours to complete. There's also some other things like Minecraft worlds, etc on it.",https://www.reddit.com/comments/kn7tn9/_/ghnocrh,"[""sync""]","[""product_and_tool_language""]",0.0,0.25,0.35,app_opportunity,0.35,D,discard,discard,0,0,1,,codex-agent reviewed under market-research-relevance-v1 on 2026-06-14
comment,ghnogsu,dndnext,"funny I was just creating a pair of assassins to fight my party, the strat might serve you well here. So the pair consists of a Celestial Warlock blaster and War Wizard 2 / Rune Knight 3. The tank has access to full plate + shield and the arcane deflection reaction raising their AC to 22 or increasing any save by +4, as well as Green Flame Blade and Booming Blade to deal 1d8 with weapon, 1d8 elemental and 1d6 from being giant sized, so the damage is still decent. The tank also has access to three castings of Shield or Absorb Elements for increased tanking. You could also with good stats swap to half plate and take 3 levels of barbarian for resistance to all damage in trade for reducing your AC by 1.

The celestial warlock has Agonizing Blast and uses Darkness + Devil's Sight as well as One With Shadows to go invisible and reposition or Repelling blast to make it nearly impossible to reach them, avoiding damage, plus you have a ton of healing from the celestial archetype.

Magic items f",https://www.reddit.com/comments/ko0ns6/_/ghnogsu,"[""impossible to""]","[""pain_language""]",0.0,0.15,0.15,app_opportunity,0.15,D,discard,discard,0,0,0,,codex-agent reviewed under market-research-relevance-v1 on 2026-06-14
comment,ghnohgo,BudgetBrews,"I switched from CK to TCG in Archidekt.. I see a current price of $26.13

Also should be cheaper if you buy EX/LP copies",https://www.reddit.com/comments/kngwsp/_/ghnohgo,"[""switched from""]","[""comparison_and_dissatisfaction""]",0.0,0.15,0.15,app_opportunity,0.15,D,discard,discard,0,0,0,,codex-agent reviewed under market-research-relevance-v1 on 2026-06-14
comment,ghnol4r,ShitLiberalsSay,the worst part about this is the design of the map lol,https://www.reddit.com/comments/knucix/_/ghnol4r,"[""worst part""]","[""pain_language""]",0.0,0.15,0.15,app_opportunity,0.15,D,discard,discard,0,0,0,,codex-agent reviewed under market-research-relevance-v1 on 2026-06-14
comment,ghnona9,Padres,"Apparently as part of the Darvish trade, the Cubs have agreed to pay for Tatis’ extension too as they felt the trade was too one sided in their favour.",https://www.reddit.com/comments/knvr7t/_/ghnona9,"[""extension""]","[""product_and_tool_language""]",0.0,0.25,0.35,app_opportunity,0.35,D,discard,discard,0,0,0,,codex-agent reviewed under market-research-relevance-v1 on 2026-06-14
comment,ghnp85u,interestingasfuck,You did better than me - I read it as good old “motorcycles” 🤣,https://www.reddit.com/comments/knywer/_/ghnp85u,"[""better than""]","[""comparison_and_dissatisfaction""]",0.0,0.15,0.15,app_opportunity,0.15,D,discard,discard,0,0,0,,codex-agent reviewed under market-research-relevance-v1 on 2026-06-14
comment,ghnp8ow,dragonballfighterz,"Dear people better than me, stop getting matched up with me and if you do, stop beating me. It makes me feel bad and I don't want to accept the fact that I need to get better because it's your fault, not mine.",https://www.reddit.com/comments/kny3b4/_/ghnp8ow,"[""better than""]","[""comparison_and_dissatisfaction""]",0.0,0.15,0.15,app_opportunity,0.15,D,discard,discard,0,0,0,,codex-agent reviewed under market-research-relevance-v1 on 2026-06-14
comment,ghnp9k2,AskTeenGirls,"They look kinda nice, but I really hate the sound of them when they're really close to me. It's really loud and sudden which I find really annoying. I mean, it was doable since there weren't that many ones and I were also wearing noise-cancelling headphones which muffled the sound a bit. Being in the middle of like a thousand fireworks sounds like straight up hell, though.",https://www.reddit.com/comments/ko042b/_/ghnp9k2,"[""annoying""]","[""pain_language""]",0.0,0.15,0.15,app_opportunity,0.15,D,discard,discard,0,0,0,,codex-agent reviewed under market-research-relevance-v1 on 2026-06-14
comment,ghnpahx,MephHeads,"I would say their very close. Its hard to say for certain as I've not compared them myself side by side but for certain they're close.

I find autopots just work a lot easier and better than DTW as it's a gravity and valve system with no electricity or pumps needed.

I always figured I would need to run DTW or RDWC to achieve monsters the size I've gotten yet coco and autopots are doing the trick.

Hope this helps!",https://www.reddit.com/comments/kmh3hk/_/ghnpahx,"[""better than""]","[""comparison_and_dissatisfaction""]",0.0,0.15,0.15,app_opportunity,0.15,D,discard,discard,0,0,0,,codex-agent reviewed under market-research-relevance-v1 on 2026-06-14
comment,ghnpkks,xboxone,I love legion I just finished it yesterday! Definitely better than watch dogs 2 in my opinion when it comes to the story line. Also no u don’t need to play the other 2 previous game to enjoy this game,https://www.reddit.com/comments/knz7dp/_/ghnpkks,"[""better than""]","[""comparison_and_dissatisfaction""]",0.0,0.15,0.15,app_opportunity,0.15,D,discard,discard,0,0,0,,codex-agent reviewed under market-research-relevance-v1 on 2026-06-14
comment,ghnpo72,PlayTemtem,"But there's plenty of other tanks in the game, arguably ones better than nessla? Nessla is fine situationally, but Kalabdyss, Blooze, Cerneaf, and Saku are all very good and better in their own ways",https://www.reddit.com/comments/knysd5/_/ghnpo72,"[""better than""]","[""comparison_and_dissatisfaction""]",0.0,0.15,0.15,app_opportunity,0.15,D,discard,discard,0,0,0,,codex-agent reviewed under market-research-relevance-v1 on 2026-06-14
comment,ghnpq3d,MarsSociety,"Then you remember the promise of what should have happened post Apollo moon missions - crewed exploration of Mars... how frustrating was the post Apollo era to live through, and have you seen the Apple+ TV series, “For All Mankind”?",https://www.reddit.com/comments/knpkw2/_/ghnpq3d,"[""frustrating""]","[""pain_language""]",0.0,0.15,0.15,app_opportunity,0.15,D,discard,discard,0,0,0,,codex-agent reviewed under market-research-relevance-v1 on 2026-06-14
comment,ghnpsgq,TrueCrimeDiscussion,Sometimes those annoying ads get missed. I took it out. Thanks,https://www.reddit.com/comments/knp4pf/_/ghnpsgq,"[""annoying""]","[""pain_language""]",0.0,0.15,0.15,app_opportunity,0.15,D,discard,discard,0,0,0,,codex-agent reviewed under market-research-relevance-v1 on 2026-06-14
comment,ghnq003,ForzaHorizon,"This trial I AWD/1.6T rally swapped a Ferrari 166 on snow tires, maxed it out for S1, holy shit was it easy. Even after getting bumped and missing a gate forcing me to rewind back to last place, still managed to claw back to first.

Definitely awd swap whatever you are going to use, even the drivatars struggle with this one.",https://www.reddit.com/comments/ko0yej/_/ghnq003,"[""struggle with""]","[""pain_language""]",0.0,0.15,0.15,app_opportunity,0.15,D,discard,discard,0,0,0,,codex-agent reviewed under market-research-relevance-v1 on 2026-06-14
comment,ghnq349,fantasybball,"Have him in my IR but don’t think he’s better than my end of roster players (Dort, PJ Wash, Plumlee, KJ). What to do with him?",https://www.reddit.com/comments/ko0wty/_/ghnq349,"[""better than""]","[""comparison_and_dissatisfaction""]",0.0,0.15,0.15,app_opportunity,0.15,D,discard,discard,0,0,0,,codex-agent reviewed under market-research-relevance-v1 on 2026-06-14
comment,ghnq3fl,tifu,A recovering crack addicted squirrel would have worded it better than me,https://www.reddit.com/comments/knzsy9/_/ghnq3fl,"[""better than""]","[""comparison_and_dissatisfaction""]",0.0,0.15,0.15,app_opportunity,0.15,D,discard,discard,0,0,0,,codex-agent reviewed under market-research-relevance-v1 on 2026-06-14
comment,ghnq6ib,clevelandcavs,"&gt; I know. The thing is, they don't jack up terrible shots because they're not Andre Drummond, they don't get in their own heads about misses because they're not Andre Drummond. It's actually baffling to me you'd rather see Drummond, the 27 year old who may not even be here next year, jack up terrible shots over THE FUTURE OF THIS FRANCHISE WHO DON'T EVEN TAKE TERRIBLE SHOTS LIKE DRUMMOND DOES.

Again, jacking up tons of terrible shots is not a good habit.  I don't want our guards getting in that habit.  That's why Drummond is there.

&gt; What's Drummond done again? Oh right, played like trash and got swept by the Bucks. He is not a winning player and not the guy to help our young guys along because he wants his and that's it. Or let's go further back where he played better in the playoffs in 2015/16 and got swept by the Cavs, the only two playoff appearances in his entire career.

You seem to be under the impression that I think Drummond is a player that will help us win.  I don't",https://www.reddit.com/comments/knzha8/_/ghnq6ib,"[""frustrating""]","[""pain_language""]",0.0,0.15,0.15,app_opportunity,0.15,D,discard,discard,0,0,0,,codex-agent reviewed under market-research-relevance-v1 on 2026-06-14
comment,ghnq73j,vegasr4r,"**NOTE:** Your post is a LINK post, which either includes images or links to an external site. Link posts are manually reviewed before showing up in the sub, **which can take up to 24 hours.** Text-only posts appear immediately. Your post must follow these guidelines, or it will not be approved when reviewed:

- NO dick pics or sex pics. Links to dirty pics within a text post is OK if the links are marked as such
- Post title MUST includes your gender(s) and the gender(s) you're looking for.
- Post MUST be an R4R request. No ""is my wife hot?"" or ""felt cute at the pool"" type posts

Please do not message the mods asking why your post hasn't shown up. It's either waiting for review, or it breaks the rules above and was removed.


*I am a bot, and this action was performed automatically. Please [contact the moderators of this subreddit](/message/compose/?to=/r/vegasr4r) if you have any questions or concerns.*",https://www.reddit.com/comments/ko1kzl/_/ghnq73j,"[""manually""]","[""workaround_language""]",0.0,0.0,0.0,app_opportunity,0.0,D,discard,discard,0,0,0,,codex-agent reviewed under market-research-relevance-v1 on 2026-06-14
comment,ghnq7at,MemeEconomy,"Trading for **KO1KZA:SUBM** just started! [View details](https://meme.market/stock/KO1KZA:SUBM)

---

- The bot development team &amp; the subreddit mods are looking for YOUR feedback on the subreddit &amp; the bot. [Post your thoughts here.](https://www.reddit.com/r/MemeEconomy/comments/fdg8s1/)
- Join the new [MemeEconomy Discord here](https://discord.gg/JEFxgEU) for more interaction with the community
- Visit [meme.market](https://meme.market) for help, market statistics, and investor profiles
- Visit /r/MemeInvestor_bot for questions or suggestions about me
- Support the project via our [Patreon](https://www.patreon.com/memeinvestor_bot)
- New user? Lost or confused? Reply with `!help` to this message, or visit the [Wiki](https://www.reddit.com/r/MemeEconomy/wiki/index) for a more in depth explanation
- Remember, only direct replies to this comment will be processed by the bot!

----

**u/MyJohnFM**, you can reply to this message with, for example, `!template https://example.com`",https://www.reddit.com/comments/ko1kza/_/ghnq7at,"[""manually""]","[""workaround_language""]",0.0,0.0,0.0,app_opportunity,0.0,D,discard,discard,0,0,0,,codex-agent reviewed under market-research-relevance-v1 on 2026-06-14
comment,ghnq8w0,politics,"To think that this is a one-off payment and yet Republicans still oppose this. Had this been in another country, the bill would instead be a $2000 *monthly* payment.",https://www.reddit.com/comments/knxlrg/_/ghnq8w0,"[""payment""]","[""pricing_and_payment""]",0.0,0.2,0.15,saas_opportunity,0.2,D,discard,discard,0,0,0,,codex-agent reviewed under market-research-relevance-v1 on 2026-06-14
comment,ghnqeea,confusing_perspective,"Bleep blorp. I am robot. I am confuse. *Upvote* this comment if this post *is confusing* and downvote if it *is not*!

*I am a bot, and this action was performed automatically. Please [contact the moderators of this subreddit](/message/compose/?to=/r/confusing_perspective) if you have any questions or concerns.*",https://www.reddit.com/comments/ko1m34/_/ghnqeea,"[""confusing""]","[""pain_language""]",0.0,0.0,0.0,app_opportunity,0.0,D,discard,discard,0,0,0,,codex-agent reviewed under market-research-relevance-v1 on 2026-06-14
comment,ghnqjz7,formula1,The automation anywhere logo looked quite cool on their car...,https://www.reddit.com/comments/ko1dgl/_/ghnqjz7,"[""automation""]","[""product_and_tool_language""]",0.0,0.25,0.35,app_opportunity,0.35,D,discard,discard,0,0,0,,codex-agent reviewed under market-research-relevance-v1 on 2026-06-14
comment,ghnqkta,wildrift,"Same here. This must be a bug, as it is still 01.01. and the event should still be active.

I only had to place like half a dozen wards for the last mission or so. I did this by now. The last day of a mission is supposed to be inclusive, right?

All I see now is the Noxus event which I successfully completed in time (before Dec 26th or so) which somehow has been extended to 1st of March. I hope Wukong gets an extension, too.",https://www.reddit.com/comments/ko19ic/_/ghnqkta,"[""extension""]","[""product_and_tool_language""]",0.0,0.25,0.35,app_opportunity,0.35,D,discard,discard,0,0,1,,codex-agent reviewed under market-research-relevance-v1 on 2026-06-14
comment,ghnqpa9,vinyl,"The Orbit lacks user adjustable anti-skate and the cue lever and shipping adds $60 to make it not so worth while before you even choose a better cartridge.

The [Fluance RT82](https://www.fluance.com/rt82t-reference-high-fidelity-vinyl-turntable-black-gloss) $299 has adjustable anti-skate, includes a cue lever and shipping, has an aluminum platter instead of the base model MDF on the Orbit, and includes an Ortofon OM10 cartridge which is a bit better than the previous veresion 2M Red. Then it adds auto stop plus an optical sensor speed controlled servo motor for lower wow and  flutter and speed variation. Pass on the older RT81 that lacks the new  speed sensor. Pass on the RT83 since the cartridge is not any better.",https://www.reddit.com/comments/klyf9u/_/ghnqpa9,"[""better than""]","[""comparison_and_dissatisfaction""]",0.0,0.15,0.15,app_opportunity,0.15,D,discard,discard,0,0,0,,codex-agent reviewed under market-research-relevance-v1 on 2026-06-14
comment,ghnqpdl,Mordhau,"I've gotten better with keeping my distance to bait out swings but going up against people who look at the ground I struggle with, they're relentless with their attacks so finding a time to kick can be hard for me.",https://www.reddit.com/comments/knpr20/_/ghnqpdl,"[""struggle with""]","[""pain_language""]",0.0,0.15,0.15,app_opportunity,0.15,D,discard,discard,0,0,0,,codex-agent reviewed under market-research-relevance-v1 on 2026-06-14
comment,ghnqwaf,chicago,I have canceled my United Explorer card but the app still shows two passes as active until end of March.I can screenshoot em and send you. If they are still valid you get in. Now with covid I have read those lounges suck.,https://www.reddit.com/comments/knxucu/_/ghnqwaf,"[""app""]","[""product_and_tool_language""]",0.0,0.25,0.35,app_opportunity,0.35,D,discard,discard,0,0,1,,codex-agent reviewed under market-research-relevance-v1 on 2026-06-14
comment,ghnqwdx,YouShouldKnow,"It literally says in that article that all past research seems to agree with X while they think Y. Lol you can go ahead and trust those guys, I’m going to believe the rest of the research studies. And it makes literally no sense that circumcision would increase chances of diseases and cancer. Foreskin traps moisture and bacteria. It’s simple logic.

***
&gt; Circumcision, whereby the foreskin is removed from the penis, can cause the urethral opening to narrow, making it difficult to urinate.

Lmao this is the dumbest thing I’ve ever heard. Does nobody with foreskin get a narrowed urethra? Also, as a circumcised man, my urethra is wide open lol",https://www.reddit.com/comments/knutlx/_/ghnqwdx,"[""difficult to""]","[""pain_language""]",0.0,0.15,0.15,app_opportunity,0.15,D,discard,discard,0,0,0,,codex-agent reviewed under market-research-relevance-v1 on 2026-06-14
comment,ghnqzfl,pics,"That was the first and last time that kid jumped while seated.
Very painful indeed.",https://www.reddit.com/comments/knywwj/_/ghnqzfl,"[""painful""]","[""pain_language""]",0.0,0.15,0.15,app_opportunity,0.15,D,discard,discard,0,0,0,,codex-agent reviewed under market-research-relevance-v1 on 2026-06-14
comment,ghnr5po,castlecrashers,"Everyone needs to hold up the flag, so if there's three of you, all three need to hold up the flag, and then you guys should be transported to the party room/the barracks. I'm 97% certain this should work.

If not, I'm not sure what the issue would be....all of you have white skulls, so if it doesn't work, I'd be stumped",https://www.reddit.com/comments/ko1hjb/_/ghnr5po,"[""doesn't work""]","[""comparison_and_dissatisfaction""]",0.0,0.15,0.15,app_opportunity,0.15,D,discard,discard,0,0,0,,codex-agent reviewed under market-research-relevance-v1 on 2026-06-14
comment,ghnr9i1,confusing_perspective,"Bleep blorp. I am robot. I am confuse. *Upvote* this comment if this post *is confusing* and downvote if it *is not*!

*I am a bot, and this action was performed automatically. Please [contact the moderators of this subreddit](/message/compose/?to=/r/confusing_perspective) if you have any questions or concerns.*",https://www.reddit.com/comments/ko1qwy/_/ghnr9i1,"[""confusing""]","[""pain_language""]",0.0,0.0,0.0,app_opportunity,0.0,D,discard,discard,0,0,0,,codex-agent reviewed under market-research-relevance-v1 on 2026-06-14
comment,ghnrc1r,ksi,"**READ THIS!**

#SERIOUSLY READ THIS WHOLE THING

Your post was removed due to the New/Inactive User filter. This is in place due to how large the subreddit is, and with that bringing hordes of spam/reposts/advertising etc...

The filter removes posts from accounts that have less than 500 karma and that are less than 2 weeks old.
What you need in order to post (YOU NEED BOTH OF THESE):

* 500 combined **post &amp; comment** karma - ***award karma DOES NOT COUNT***. We don't care if the app says you have 600. ***It is wrong.***

* Wait for your account to be 2 weeks old

You can get karma by commenting on posts or posting in other subreddits and getting upvotes on either (Reddit's version of likes).

Directly asking people for upvotes isn't allowed, and you will be banned for it.

**If you message modmail about this you will be ignored, if you don't understand something then google it.**

*I am a bot, and this action was performed automatically. Please [contact the moderators of this su",https://www.reddit.com/comments/ko1qxh/_/ghnrc1r,"[""app""]","[""product_and_tool_language""]",0.0,0.0,0.0,app_opportunity,0.0,D,discard,discard,0,0,0,,codex-agent reviewed under market-research-relevance-v1 on 2026-06-14
comment,ghnrgoh,asklatinamerica,"*Also what is up with you saying Russian and French are practically impossible to learn?*

As a French-English speaker, I don't really understand what he's talking about with that. The accent is difficult, listening comprehension definitely takes more practice as the speech is not as clear as other languages, but saying that French is impossible seems like a hyperbole.",https://www.reddit.com/comments/knqzwv/_/ghnrgoh,"[""impossible to""]","[""pain_language""]",0.0,0.15,0.15,app_opportunity,0.15,D,discard,discard,0,0,0,,codex-agent reviewed under market-research-relevance-v1 on 2026-06-14
comment,ghnrhnc,XWingTMG,"Thanks for the support.  I try to be very kind to customer service, as they are fixing mistakes of other people.  👍",https://www.reddit.com/comments/ko1fuz/_/ghnrhnc,"[""customer service""]","[""comparison_and_dissatisfaction""]",0.0,0.15,0.15,app_opportunity,0.15,D,discard,discard,0,0,0,,codex-agent reviewed under market-research-relevance-v1 on 2026-06-14
comment,ghnromh,democrats,I’m always relieved to sit next to a hijab wearer on the train. I can be much more confident that she’s not gonna pull any kind of stupid shit or he generally annoying.,https://www.reddit.com/comments/kny5r7/_/ghnromh,"[""annoying""]","[""pain_language""]",0.0,0.15,0.15,app_opportunity,0.15,D,discard,discard,0,0,0,,codex-agent reviewed under market-research-relevance-v1 on 2026-06-14
comment,ghnrqnb,vfx,"""Hey we need to add this on the shot, how long do you think you will need?""

""Eight hours"".

""We only have four more hours allocated for this shot, if you work in parallel with this other task, do you think you can put something together by lunch? Great!"".


Don't let them bully you with spreadsheet numbers.",https://www.reddit.com/comments/knck62/_/ghnrqnb,"[""spreadsheet""]","[""workaround_language""]",0.0,0.2,0.2,app_opportunity,0.2,D,discard,discard,0,1,0,,codex-agent reviewed under market-research-relevance-v1 on 2026-06-14
comment,ghnru0i,memes,the guys at [ruffle.](https://ruffle.re)rs are recreating flash player as a extension,https://www.reddit.com/comments/knxtom/_/ghnru0i,"[""extension""]","[""product_and_tool_language""]",0.0,0.25,0.35,app_opportunity,0.35,D,discard,discard,0,0,0,,codex-agent reviewed under market-research-relevance-v1 on 2026-06-14
comment,ghnrwqj,WhitePeopleTwitter,Fuck McConnell scumbag POS that he is! I too know my job performance is sooo much better than Mitch the Bitch is!,https://www.reddit.com/comments/knph9h/_/ghnrwqj,"[""better than""]","[""comparison_and_dissatisfaction""]",0.0,0.15,0.15,app_opportunity,0.15,D,discard,discard,0,0,0,,codex-agent reviewed under market-research-relevance-v1 on 2026-06-14
comment,ghns1qw,ShitPostCrusaders,Specifically the clip of Jotaro saying “shut up you’re damn annoying” which ironically has become damn annoying to see lol,https://www.reddit.com/comments/knyo3w/_/ghns1qw,"[""annoying""]","[""pain_language""]",0.0,0.15,0.15,app_opportunity,0.15,D,discard,discard,0,0,0,,codex-agent reviewed under market-research-relevance-v1 on 2026-06-14
comment,ghns27m,technology,"Hello! **Please read this message very carefully.**

Unfortunately, since [your account has less than 10 combined karma](/u/me) and spam from new accounts makes up a significant portion of all spam, your post was automatically, temporarily removed. **Have a tech support question?** Please head over to /r/techsupport, /r/asktechnology, or other tech-centric subreddits listed on the sidebar.

You may still contribute and earn some karma by *commenting* on other existing posts in /r/technology instead. Additionally, you may make meaningful contributions to [other subreddits](/subreddits) to increase your karma count. Tech support questions/opinions/suggestion requests, surveys, blogs, and videos will **NOT** be approved. If this is a legitimate submission that is not covered in the previously listed criteria, please message the moderators to have them manually review your post, or wait a few days and try again.

Thank you!

*I am a bot, and this action was performed automatically. Please",https://www.reddit.com/comments/ko1v6h/_/ghns27m,"[""manually""]","[""workaround_language""]",0.0,0.0,0.0,app_opportunity,0.0,D,discard,discard,0,0,0,,codex-agent reviewed under market-research-relevance-v1 on 2026-06-14
comment,ghns4ip,RationalPsychonaut,"as long as i remember, i couldnt smell, and had several surgeries to try to fix the problem. Never worked, but a few years ago when I took Adderall for the first time, recreationally, I was able to smell. After it wore off, I was still able to smell, and over the last two years, I think my sense of smell has gotten better than I've ever experienced. Crazy stuff",https://www.reddit.com/comments/knw1q3/_/ghns4ip,"[""better than""]","[""comparison_and_dissatisfaction""]",0.0,0.15,0.15,app_opportunity,0.15,D,discard,discard,0,0,0,,codex-agent reviewed under market-research-relevance-v1 on 2026-06-14
comment,ghns8v2,freebies,That's kind of annoying. Hopefully it's resolved.,https://www.reddit.com/comments/knvhyt/_/ghns8v2,"[""annoying""]","[""pain_language""]",0.0,0.15,0.15,app_opportunity,0.15,D,discard,discard,0,0,0,,codex-agent reviewed under market-research-relevance-v1 on 2026-06-14
comment,ghns9t2,tamagotchi,Hi! I just downloaded the Discord app :),https://www.reddit.com/comments/knxdz9/_/ghns9t2,"[""app""]","[""product_and_tool_language""]",0.0,0.25,0.35,app_opportunity,0.35,D,discard,discard,0,0,0,,codex-agent reviewed under market-research-relevance-v1 on 2026-06-14
comment,ghnsaim,DotA2,I'm glad you find this helpful. I prefer maelstrom because it's not as expensive as bf and can be used for farming pretty well. I think one big reason for it is I want some magic damage in teamfight to sync with mk ult. A lot of times the lightening help me kill supports who cannot walk out of mk ult.,https://www.reddit.com/comments/knt3gt/_/ghnsaim,"[""sync""]","[""product_and_tool_language""]",0.0,0.25,0.35,app_opportunity,0.35,D,discard,discard,0,0,0,,codex-agent reviewed under market-research-relevance-v1 on 2026-06-14
comment,ghnsfor,AnarchyChess,"You can’t always trust the engine and should apply human common sense. The engine might see a better move that gives it a slight advantage several moves down an obscure line that no human could possibly calculate. I’ve been staring at this for hours and I can’t think of anything better than h3, I would have played it too. The best chess moves usually serve multiple functions - with h3 you are playing good positional chess, maintaining the initiative and developing your pieces. It also prevents you from blundering Nh3 later as well. Just play what you’re comfortable with and don’t get too hung up on theory 👍🏼",https://www.reddit.com/comments/knxyz1/_/ghnsfor,"[""better than""]","[""comparison_and_dissatisfaction""]",0.0,0.15,0.15,app_opportunity,0.15,D,discard,discard,0,0,0,,codex-agent reviewed under market-research-relevance-v1 on 2026-06-14
comment,ghnsigf,Notion,I agree the app is not user friendly in the slightest and needs reworking.,https://www.reddit.com/comments/knsn3p/_/ghnsigf,"[""app""]","[""product_and_tool_language""]",0.0,0.25,0.35,app_opportunity,0.35,D,discard,discard,0,0,1,,codex-agent reviewed under market-research-relevance-v1 on 2026-06-14
comment,ghnskva,TheAstraMilitarum,"I see what you mean and where that would be confusing. So I think I would limit them to being in command squads of all plasma, or have all models with plasma in the same unit so it is clear what has a plasma gun and what doesn't. What I would avoid is a tempestor with plasma pistol being in the same squad. Would that allay most difficulties?

I wanting the theme to be the strength of the army, but don't want people frustrated playing against it for ""simple"" fixes. I also hate the monopose plasma supplied",https://www.reddit.com/comments/knwqhb/_/ghnskva,"[""confusing""]","[""pain_language""]",0.0,0.15,0.15,app_opportunity,0.15,D,discard,discard,0,0,0,,codex-agent reviewed under market-research-relevance-v1 on 2026-06-14
comment,ghnsohz,Cringetopia,"No I used to be part of that sub, it is so painfully unfunny and annoying",https://www.reddit.com/comments/knxj95/_/ghnsohz,"[""annoying""]","[""pain_language""]",0.0,0.15,0.15,app_opportunity,0.15,D,discard,discard,0,0,0,,codex-agent reviewed under market-research-relevance-v1 on 2026-06-14
comment,ghnt5wa,Aquariums,"I’m just saying that because a lot of people have said api ich medicine makes their silicone turn blue and I’d be really upset if that happened tbh. I do have a wide plastic bucked probably 10 gallons. I can put a filter in it, will that work?",https://www.reddit.com/comments/ko1c92/_/ghnt5wa,"[""api""]","[""product_and_tool_language""]",0.0,0.25,0.35,app_opportunity,0.35,D,discard,discard,0,0,0,,codex-agent reviewed under market-research-relevance-v1 on 2026-06-14
comment,ghnt6v7,iPadOS,Apple doesn’t allow for cloud gaming so you can’t stream through the app,https://www.reddit.com/comments/kk12my/_/ghnt6v7,"[""app""]","[""product_and_tool_language""]",0.0,0.25,0.35,app_opportunity,0.35,D,discard,discard,0,0,1,,codex-agent reviewed under market-research-relevance-v1 on 2026-06-14
comment,ghnt80v,Ps5StockUpdates,I am following a few Twitter accounts and I have a chrome extension that will alert me when it comes in stock,https://www.reddit.com/comments/knne1a/_/ghnt80v,"[""extension""]","[""product_and_tool_language""]",0.0,0.25,0.35,app_opportunity,0.35,D,discard,discard,0,0,1,,codex-agent reviewed under market-research-relevance-v1 on 2026-06-14
comment,ghntawo,Unemployment,You exhausted your EB? I would assume you’d qualify for another PEUC extension. Someone posted the verbiage of the legislation somewhere on this sub yesterday. You should read through it. I’m sure the answers you seek will be in the bill itself.,https://www.reddit.com/comments/knwnih/_/ghntawo,"[""extension""]","[""product_and_tool_language""]",0.0,0.25,0.35,app_opportunity,0.35,D,discard,discard,0,0,0,,codex-agent reviewed under market-research-relevance-v1 on 2026-06-14
comment,ghntdcl,tsa,Hey thanks! Yes I actually recieved a call explaining that there wasn't any testing as of right now for the airport I applied for but to check regularly for when something opens up. I just want to make sure that there is still a possibility that I can hopefully get the job in the long run.,https://www.reddit.com/comments/knssfd/_/ghntdcl,"[""airport""]","[""travel_language""]",0.0,0.0,0.1,app_opportunity,0.1,D,discard,discard,0,0,0,,codex-agent reviewed under market-research-relevance-v1 on 2026-06-14
comment,ghntdw9,DBZDokkanBattle,"woah tickets that come a few times a year....totally makes up for missing events, less currency and overall bad scheduling",https://www.reddit.com/comments/ko1473/_/ghntdw9,"[""scheduling""]","[""business_workflow_language""]",0.0,0.35,0.0,saas_opportunity,0.35,D,discard,discard,0,0,0,,codex-agent reviewed under market-research-relevance-v1 on 2026-06-14
comment,ghntdwb,nvidia,"Unfortunately I make use of a lot of features Nvidia offer so don’t know if I could transition to AMD easily, it’s annoying though as they probably are much better cards for 1080p.",https://www.reddit.com/comments/ko0flo/_/ghntdwb,"[""annoying""]","[""pain_language""]",0.0,0.15,0.15,app_opportunity,0.15,D,discard,discard,0,0,0,,codex-agent reviewed under market-research-relevance-v1 on 2026-06-14
comment,ghntedb,pcmasterrace,"Stadia is bad, here I’m getting a full PC where I can play any VR game, any software, use it everywhere, etc

It isn’t GeForce now either.",https://www.reddit.com/comments/ko1r0u/_/ghntedb,"[""software""]","[""product_and_tool_language""]",0.0,0.25,0.35,app_opportunity,0.35,D,discard,discard,0,0,0,,codex-agent reviewed under market-research-relevance-v1 on 2026-06-14
comment,ghnth0n,sailormoon,"This is a reminder for all posters. Please remember to read our Rules Here. [https://www.reddit.com/r/Sailormoon/wiki/index](https://www.reddit.com/r/Sailormoon/wiki/index). **Please note that trying to bypass any filters or loophole them will end in an automatic ban.** If you need clarification on a rule, please [contact the moderators.](https://www.reddit.com/message/compose?to=%2Fr%2Fsailormoon)

The major rules to note: Don't be a jerk. Don't be sexist or racist or homophobic. Don't post or mention any pirate material- this includes the website that rhymes with kiss-seam- at all. Don't post Hentai or Pornography, or anything 'suggestive' in the adult manner. (Includes visual and written works.)

Certain sites are on a blacklist due to being used to spam self-promotion- this includes websites that rhyme with Wetsy, Saidbubble, Winsta-maam and wickblarter-- and similar websites. Overall, we're not your advertising platform! Someone asking 'If you have a place to buy it' doesn't absol",https://www.reddit.com/comments/ko23eg/_/ghnth0n,"[""platform""]","[""product_and_tool_language""]",0.0,0.0,0.0,app_opportunity,0.0,D,discard,discard,0,0,0,,codex-agent reviewed under market-research-relevance-v1 on 2026-06-14
comment,ghntug2,technology,Well it was installed with and maintained as part of Windows and is no longer supported so it is being removed as it should be. The MS patch won't remove versions you manually installed for non MS browsers but there will be no available Flash install for IE or Edge.,https://www.reddit.com/comments/knsskh/_/ghntug2,"[""manually""]","[""workaround_language""]",0.0,0.2,0.2,app_opportunity,0.2,D,discard,discard,0,0,0,,codex-agent reviewed under market-research-relevance-v1 on 2026-06-14
comment,ghnu18j,beta,"I dropped the app for being too laggy in my potato-phone, gave *Infinity* a try and I'm never going back, it works flawlessly, I haven't had issues with videos or memory consumption.",https://www.reddit.com/comments/knyu2c/_/ghnu18j,"[""app""]","[""product_and_tool_language""]",0.0,0.25,0.35,app_opportunity,0.35,D,discard,discard,0,0,1,,codex-agent reviewed under market-research-relevance-v1 on 2026-06-14
comment,ghnu2tk,firefox,"Yeah, if you check the first box, firefox auto opens in private mode and the container plugin doesnt even load, so in essence you either have private mode or containers. Checking only the last box allows containers to work AND gives you the critical privacy feature of deleting history; with the caveat that perhaps it writes it to disk during browser usage, so undelete is technically possible.",https://www.reddit.com/comments/kntbol/_/ghnu2tk,"[""plugin""]","[""product_and_tool_language""]",0.0,0.25,0.35,app_opportunity,0.35,D,discard,discard,0,0,1,,codex-agent reviewed under market-research-relevance-v1 on 2026-06-14
comment,ghnu43q,cyberpunkgame,"Image posting is currently under approve-only mode, so you will have to wait until a moderator manually approves your post for it to show up in /new. If your post is a meme, it will be removed outside of the weekend.

*I am a bot, and this action was performed automatically. Please [contact the moderators of this subreddit](/message/compose/?to=/r/cyberpunkgame) if you have any questions or concerns.*",https://www.reddit.com/comments/ko26yw/_/ghnu43q,"[""manually""]","[""workaround_language""]",0.0,0.0,0.0,app_opportunity,0.0,D,discard,discard,0,0,0,,codex-agent reviewed under market-research-relevance-v1 on 2026-06-14
comment,ghnu43z,bangtan,"Tbh I love it! I mean I definitely miss the icloud and all my sevices synching. Tho, I managed to use Google to sync everything instead.

Also not having to charge my phone every 12 hours really balances things out.",https://www.reddit.com/comments/knv8jm/_/ghnu43z,"[""sync""]","[""product_and_tool_language""]",0.0,0.25,0.35,app_opportunity,0.35,D,discard,discard,0,0,1,,codex-agent reviewed under market-research-relevance-v1 on 2026-06-14
comment,ghnu83w,virginvschad,"Well the Clones and the First Order Stormtroopers are all heavily indoctrinated from birth, so I think we should feel a little sorry for them.

The stormtroopers are basically all Imperial zealots though.  Like any asshole might enlist in the Navy or Army as an alternative to whatever shit options exist on their planet, but only the true beleivers join the Stormtroopers.  Fuck them.",https://www.reddit.com/comments/knsj9u/_/ghnu83w,"[""alternative to""]","[""comparison_and_dissatisfaction""]",0.0,0.15,0.15,app_opportunity,0.15,D,discard,discard,0,0,0,,codex-agent reviewed under market-research-relevance-v1 on 2026-06-14
comment,ghnu9ac,PublicFreakout,"Hijacking this comment because the hotel has received next to 0 criticism for their handling of this situation. If anyone wants to contact the hotel you can find it here:

A.R.T NoMad (Arlo Roof Top)

https://goo.gl/maps/iZvFPfWwnAj6mgAt6

There’s also a reviews section but I’ll leave that up to you.",https://www.reddit.com/comments/knrmp7/_/ghnu9ac,"[""hotel""]","[""travel_language""]",0.0,0.0,0.1,app_opportunity,0.1,D,discard,discard,0,0,0,,codex-agent reviewed under market-research-relevance-v1 on 2026-06-14
comment,ghnucik,ShitPostCrusaders,It’s better than letting the circlejerk continue,https://www.reddit.com/comments/knyo3w/_/ghnucik,"[""better than""]","[""comparison_and_dissatisfaction""]",0.0,0.15,0.15,app_opportunity,0.15,D,discard,discard,0,0,0,,codex-agent reviewed under market-research-relevance-v1 on 2026-06-14
comment,ghnuffa,MCSPlaystation,"WARNING!! Venmo payments are extremely easy to reverse.  If you insist on accepting Venmo payments, please be sure you are dealing with a user with long, well established rep.  Otherwise, you will likely be stuck with a chargeback.

*I am a bot, and this action was performed automatically. Please [contact the moderators of this subreddit](/message/compose/?to=/r/MCSPlaystation) if you have any questions or concerns.*",https://www.reddit.com/comments/ko28p7/_/ghnuffa,"[""chargeback""]","[""pricing_and_payment""]",0.0,0.0,0.0,app_opportunity,0.0,D,discard,discard,0,0,0,,codex-agent reviewed under market-research-relevance-v1 on 2026-06-14
comment,ghnugpf,stopsmoking,"I use the Smoke Free app and when entering your quit date it tells you how long it will take for certain physical aspects to return to normal. Lung function takes 4-5 months to repair.

But there should have been some improvements by now. Maybe see a doctor for a check up?",https://www.reddit.com/comments/knygdh/_/ghnugpf,"[""app""]","[""product_and_tool_language""]",0.0,0.25,0.35,app_opportunity,0.35,D,discard,discard,0,0,0,,codex-agent reviewed under market-research-relevance-v1 on 2026-06-14
comment,ghnuh9p,memes,"no, happy wheels has been saved, you can download ssf2, and fancy pants is on the app store",https://www.reddit.com/comments/kntts1/_/ghnuh9p,"[""app""]","[""product_and_tool_language""]",0.0,0.25,0.35,app_opportunity,0.35,D,discard,discard,0,0,0,,codex-agent reviewed under market-research-relevance-v1 on 2026-06-14
comment,ghnum7r,tall,yeah height is annoying at times but the paper that’s due on midnight is worse,https://www.reddit.com/comments/knsf5u/_/ghnum7r,"[""annoying""]","[""pain_language""]",0.0,0.15,0.15,app_opportunity,0.15,D,discard,discard,0,0,0,,codex-agent reviewed under market-research-relevance-v1 on 2026-06-14
comment,ghnuph9,AppleWatch,Please check your notification it’s there,https://www.reddit.com/comments/ko1act/_/ghnuph9,"[""notification""]","[""product_and_tool_language""]",0.0,0.25,0.35,app_opportunity,0.35,D,discard,discard,0,0,0,,codex-agent reviewed under market-research-relevance-v1 on 2026-06-14
comment,ghnus8y,FL_Studio,"I gotcha. Yeah the only thing keeping me on windows is software cause I'm not about to spend a lifetime trying to figure out how to make all the plugins work in Linux. Hopefully it won't be long before more developers cater to Linux though, that would be a incredible",https://www.reddit.com/comments/ko08zt/_/ghnus8y,"[""software""]","[""product_and_tool_language""]",0.0,0.25,0.35,app_opportunity,0.35,D,discard,discard,0,0,1,,codex-agent reviewed under market-research-relevance-v1 on 2026-06-14
comment,ghnutwk,WTF,"2021, not guaranteed to be better than 2020.",https://www.reddit.com/comments/knspl0/_/ghnutwk,"[""better than""]","[""comparison_and_dissatisfaction""]",0.0,0.15,0.15,app_opportunity,0.15,D,discard,discard,0,0,0,,codex-agent reviewed under market-research-relevance-v1 on 2026-06-14
comment,ghnuwhs,AskReddit,"I struggle with romantic interest with people who I am not friends with first, and I make a better friend than romantic partner to my friends.

You make and lose enough close friends because you caught feels and decided to act on it and you realize it just isn’t worth it.",https://www.reddit.com/comments/ko1xbc/_/ghnuwhs,"[""struggle with""]","[""pain_language""]",0.0,0.15,0.15,app_opportunity,0.15,D,discard,discard,0,0,0,,codex-agent reviewed under market-research-relevance-v1 on 2026-06-14
comment,ghnv1jd,pcgaming,Denis Villenueve/Roger Deakins is just as good if not better pairing as Nolan/Zimmer. I think I like 2049 better than the original tbh.,https://www.reddit.com/comments/kntglt/_/ghnv1jd,"[""better than""]","[""comparison_and_dissatisfaction""]",0.0,0.15,0.15,app_opportunity,0.15,D,discard,discard,0,0,0,,codex-agent reviewed under market-research-relevance-v1 on 2026-06-14
comment,ghnv4r5,Kikpals,"#[Click here to private message](https://reddit.com/message/compose/?to=IceTeaMage) u/IceTeaMage.

Be sure to use the **REPORT** button if this user solicits you for goods or services.

As a reminder, we do not communicate usernames or other personally identifying information in the comments section.  Do not tell the user to PM you, click the link above to get in touch.  The user will be given a notification after you click send and there is no need for you to thirstily remind them that you've messaged them.  They know.

*I am a bot, and this action was performed automatically. Please [contact the moderators of this subreddit](/message/compose/?to=/r/Kikpals) if you have any questions or concerns.*",https://www.reddit.com/comments/ko2cip/_/ghnv4r5,"[""notification""]","[""product_and_tool_language""]",0.0,0.0,0.0,app_opportunity,0.0,D,discard,discard,0,0,0,,codex-agent reviewed under market-research-relevance-v1 on 2026-06-14
comment,ghnv5ba,MinecraftDungeons,"Your post was removed because it violates one or more our community rules. Photos/videos must be captured using screen recording/capturing software (which all Dungeons platforms have). If you have any questions, please feel free to reach out to the Moderation Team via Modmail (DMs to Moderator(s) regarding the removal of a post or comment will be ignored).",https://www.reddit.com/comments/ko0yfm/_/ghnv5ba,"[""software""]","[""product_and_tool_language""]",0.0,0.25,0.35,app_opportunity,0.35,D,discard,discard,0,0,0,,codex-agent reviewed under market-research-relevance-v1 on 2026-06-14
comment,ghnvaa4,RocketLeagueExchange,"Your post has been automatically removed because you did not correctly order the tags in your **post title**. The tags are being required in a specific order to keep everything easy to read.

Format: ""[Platform] [H] Items [W] Items""

""[H]"" is for items you 'Have' and ""[W]"" is for items you 'Want'

Platform tags: ""[Xbox]"", ""[PC]"", ""[PSN]"", and ""[Switch]"".

Post Example: ""[PC] [H] Pink Zombas [W] Credit Offers""

Note: If you own multiple platforms, you may use up to 4 platform tags on posts. You **must** own the platform(s) you are posting.

Example. ""[Platform1] [Platform2] [H] Items [W] Offers""

Other title tags for **non trading posts**:

[Discussion] [Price Check] [Question]

*I am a bot, and this action was performed automatically. Please [contact the moderators of this subreddit](/message/compose/?to=/r/RocketLeagueExchange) if you have any questions or concerns.*",https://www.reddit.com/comments/ko2dd1/_/ghnvaa4,"[""platform""]","[""product_and_tool_language""]",0.0,0.0,0.0,app_opportunity,0.0,D,discard,discard,0,0,0,,codex-agent reviewed under market-research-relevance-v1 on 2026-06-14
comment,ghnvd64,CryptoCurrency,Because NANOs technology is better than 99% of coins.,https://www.reddit.com/comments/kne5ry/_/ghnvd64,"[""better than""]","[""comparison_and_dissatisfaction""]",0.0,0.15,0.15,app_opportunity,0.15,D,discard,discard,0,0,0,,codex-agent reviewed under market-research-relevance-v1 on 2026-06-14
comment,ghnvhwp,Python,"Funny thing about this is that I've been on an analytics project where no one on the on the team understood the difference between VBA and a macro, or Excel in general for that matter. And Excel was the primary tool we were using. This was a high level client, where the team was making decisions that literally impact us all. Another case where people with no background in analytics are making analytics decisions.",https://www.reddit.com/comments/knbv5t/_/ghnvhwp,"[""excel""]","[""workaround_language""]",0.0,0.2,0.2,app_opportunity,0.2,D,discard,discard,0,1,0,,codex-agent reviewed under market-research-relevance-v1 on 2026-06-14
comment,ghnvid5,autism,"I try reading through the symptoms from time to time, but I keep finding it extremely difficult to make a cohesive explanation out of it. Mostly because on the internet I only find information that applies to Aspergers in general, while it differs a lot between individuals.",https://www.reddit.com/comments/ko1npl/_/ghnvid5,"[""difficult to""]","[""pain_language""]",0.0,0.15,0.15,app_opportunity,0.15,D,discard,discard,0,0,0,,codex-agent reviewed under market-research-relevance-v1 on 2026-06-14
comment,ghnvj2x,SoulCalibur,I wanna see Nightmare and Siegfried split off into separate characters. I hope they do it better than the old timeline,https://www.reddit.com/comments/ko0p15/_/ghnvj2x,"[""better than""]","[""comparison_and_dissatisfaction""]",0.0,0.15,0.15,app_opportunity,0.15,D,discard,discard,0,0,0,,codex-agent reviewed under market-research-relevance-v1 on 2026-06-14
comment,ghnvk7c,GirlGamers,"I have really been liking it, it's a HUGE upgrade to my laptop camera.  It's great in lower light spaces too. You can also change it so it's landscape or portrait which is kinda neat.  The streamcam software comes with some nifty features too (but I don't use them much)",https://www.reddit.com/comments/kne43o/_/ghnvk7c,"[""software""]","[""product_and_tool_language""]",0.0,0.25,0.35,app_opportunity,0.35,D,discard,discard,0,0,0,,codex-agent reviewed under market-research-relevance-v1 on 2026-06-14
comment,ghnvsj6,Stalking,"Also I used to get a 1500 refund which I even offered to her, luckily she said she didnt need it bc she took out loans. But yes, i didn't really wanted sex, i just wanted to win her back, in my mind, in the fucked fantasy I lived in, I thought that I was being some selfless hero, in reality I was being selfish bc I wanted her to get back with me.",https://www.reddit.com/comments/knmitr/_/ghnvsj6,"[""refund"",""refund""]","[""travel_language"",""pricing_and_payment""]",0.0,0.2,0.25,app_opportunity,0.25,D,discard,discard,0,0,0,,codex-agent reviewed under market-research-relevance-v1 on 2026-06-14
comment,ghnvstj,IdiotsInCars,"Sorry, I made a failed attempt to keep it simple as to why all terrain tires aren't all that much better than any other tire in soft sand. I was replying to the point of AT tires being wider, so focused on just that specific.

 I was also thinking of wheels and tires that are wider to begin with.

Anything that increases contact with the ground is a good thing.",https://www.reddit.com/comments/knvfty/_/ghnvstj,"[""better than""]","[""comparison_and_dissatisfaction""]",0.0,0.15,0.15,app_opportunity,0.15,D,discard,discard,0,0,0,,codex-agent reviewed under market-research-relevance-v1 on 2026-06-14
comment,ghnvu46,TwoXChromosomes,"I think this is pretty typical of raising kids. Kids are super easy. They’re sweet, dependent, and have little problems with easy solutions. Once your kid becomes a teenager it gets a lot harder. Now you’re living with an independent person who is very emotional and impulsive, as well as frustrated that they have so little control over their own lives. They’re not wanting a $10 toy for Christmas, now they want a $900 iPhone. They’re not scraping their knee on the playground, they’re crashing their car because they were texting and driving. They aren’t sneaking cookies after dinner, they’re sneaking alcohol. And often, without even realizing it, kids pull away themselves.

I have zero emotional connection to my parents. I have very few fond memories of growing up. And being a teenager was a particularly lonely and painful time for me. It makes me absolutely terrified of being a parent. I adore my toddler. He means everything to me, even on our harder days I love being around him. But we",https://www.reddit.com/comments/knv787/_/ghnvu46,"[""painful""]","[""pain_language""]",0.0,0.15,0.15,app_opportunity,0.15,D,discard,discard,0,0,0,,codex-agent reviewed under market-research-relevance-v1 on 2026-06-14
comment,ghnvz89,unitedkingdom,"Yes but as far as I understand, no other dosing schedule has been tested by Pfizer.

The MHRA and JCVI have taken the decision that some amount of protection for double the amount of people is better than full protection for half the people. Now I'm no maths expert but I don't think the people on either of those committees are stupid enough not to calculate the risk properly",https://www.reddit.com/comments/kntsfr/_/ghnvz89,"[""better than""]","[""comparison_and_dissatisfaction""]",0.0,0.15,0.15,app_opportunity,0.15,D,discard,discard,0,0,0,,codex-agent reviewed under market-research-relevance-v1 on 2026-06-14
comment,ghnwfdi,Corsair,"Update: the headphones are fine, just really uncomfortable. The Void Pro's fit great around the head, snug but not tight, and still breathable. Sound quality is a little better than the pros, but the mic quality was significantly worse. I still recommend the Void Pros over these.",https://www.reddit.com/comments/kk39jc/_/ghnwfdi,"[""better than""]","[""comparison_and_dissatisfaction""]",0.0,0.15,0.15,app_opportunity,0.15,D,discard,discard,0,0,0,,codex-agent reviewed under market-research-relevance-v1 on 2026-06-14
comment,ghnwklp,AskFeminists,"Most marches are run through charities that have requirements around financial reporting.  Most women’s marches are not run through a Go Fund Me and I would be suspicious of one that was.

This isn’t like protesting an Everyman event, here.",https://www.reddit.com/comments/knyvcf/_/ghnwklp,"[""reporting""]","[""business_workflow_language""]",0.0,0.35,0.0,saas_opportunity,0.35,D,discard,discard,0,0,0,,codex-agent reviewed under market-research-relevance-v1 on 2026-06-14
comment,ghnwlzz,airsoft,"If you whant to shoot cans ask for lead rifle or 22lr single shoot its Realy more fun and easy to use than a bb gun.

but if you really want a airsoft sniper a gun  on the vsr10 platform is quite reliable and quite affordable but needs a lot of upgrades",https://www.reddit.com/comments/kny1jm/_/ghnwlzz,"[""platform""]","[""product_and_tool_language""]",0.0,0.25,0.35,app_opportunity,0.35,D,discard,discard,0,0,0,,codex-agent reviewed under market-research-relevance-v1 on 2026-06-14
comment,ghnwmsv,conspiracy,"I’m just happy 2020 allowed me the opportunity to find my soul, let alone get back in touch my soul. So forget raising my consciousness.

I figure 2021 will be the year to raise said consciousness. Oh and get back in touch with my primal “fight or flight” survival instincts...

See you at the barricades bitches!",https://www.reddit.com/comments/ko2h7w/_/ghnwmsv,"[""flight""]","[""travel_language""]",0.0,0.0,0.1,app_opportunity,0.1,D,discard,discard,0,0,0,,codex-agent reviewed under market-research-relevance-v1 on 2026-06-14
comment,ghnwr17,Monitors,"Budget: 200$

Resolution: 1920 x 1080

Size: 20-30in (Doesnt really matter too much)

Aspect Ratio: 16:9

Adaptive Sync: (either)

Usage Type: Gaming

100-144hz range

&amp;#x200B;

Trying to replace my 2nd monitor thats a 900p and I really want to upgrade to a higher hz rate than my current 60hz",https://www.reddit.com/comments/ke2eiz/_/ghnwr17,"[""sync""]","[""product_and_tool_language""]",0.0,0.25,0.35,app_opportunity,0.35,D,discard,discard,0,0,0,,codex-agent reviewed under market-research-relevance-v1 on 2026-06-14
comment,ghnws1c,LincolnProject,"Want to help the Lincoln Project? [See how you can help here](https://www.reddit.com/r/LincolnProject/comments/hodu7e/how_you_can_help_the_lincoln_project/).

Please help improve our community by reporting any violations of the rules.


*I am a bot, and this action was performed automatically. Please [contact the moderators of this subreddit](/message/compose/?to=/r/LincolnProject) if you have any questions or concerns.*",https://www.reddit.com/comments/ko2l7z/_/ghnws1c,"[""reporting""]","[""business_workflow_language""]",0.0,0.0,0.0,app_opportunity,0.0,D,discard,discard,0,0,0,,codex-agent reviewed under market-research-relevance-v1 on 2026-06-14
comment,ghnwtk6,cpp,"Compile-time reflection, as presented in the papers already in flight, would have zero runtime performance cost, and would solve a lot of problems reflection is meant to solve - serialization, scripting language binding, testing, debugging, etc. Unreal Engine, a massive, relatively modern use-case of C++, has to use its own, extremely complex reflection system, which would be 98% shorter if the information was available via language semantics.",https://www.reddit.com/comments/knwmru/_/ghnwtk6,"[""flight""]","[""travel_language""]",0.0,0.0,0.1,app_opportunity,0.1,D,discard,discard,0,0,1,,codex-agent reviewed under market-research-relevance-v1 on 2026-06-14
comment,ghnwwru,headphones,"That 4-6khz range can be painful for me, but I’ve never tried them.  I ended up buying some Beyerdynamic T1 Gen 2s the other day which should arrive next week, so I’ll get a chance to see how I feel about treble canons.",https://www.reddit.com/comments/knvhqv/_/ghnwwru,"[""painful""]","[""pain_language""]",0.0,0.15,0.15,app_opportunity,0.15,D,discard,discard,0,0,0,,codex-agent reviewed under market-research-relevance-v1 on 2026-06-14
comment,ghnx1uq,IDontWorkHereLady,"This is  common, one of the funniest I have seen was  a few years back.  We had RGIS doing inventory, and our contract had the store count all displays, so we were fully staffed.

I was counting an end cap and heard a RGIS employee say let me get an employee.   I stood up and started heading to them when the customer starts screaming and cussing the guy out.  A full blown fit because the counter didn't have the store memorized in their first visit to the store.  The whole time I was helping him he wouldn't stop complaining if they are working they shouldn't need to get an employee to help.",https://www.reddit.com/comments/knol6s/_/ghnx1uq,"[""inventory""]","[""business_workflow_language""]",0.0,0.35,0.0,saas_opportunity,0.35,D,discard,discard,0,0,0,,codex-agent reviewed under market-research-relevance-v1 on 2026-06-14
comment,ghnx6y0,truetf2,"It's the bots and players hiding aimbot. I got curious one year and got hands on with lmaobox on an alt. It's scary the amount of control you have to hide what you are doing. Silent aim being the biggest thing. Aimbot users do play other classes, but only sniper is the most obvious because 1 shot 1 kill on 5 classes from anywhere. Then you have toggle, certain players only, filters, strafe jump, crouch running. There's even projectile aimbot. It doesn't work against strafing targets, but it's accurate. There's fake lag, so enemy hotboxes are displayed with current ping and whatever you select. Either hitbox is valid and counts towards spy with the backstab detection cheat. The high interp spies were lying and actually using lmaobox. There's perfect pyro reflection and anti backstab.

The hatred for sniper is reinforced from all of this, because he is the only class without falloff without crits unless a player is also doing no spread, but I think valve patched that out a few years ago.",https://www.reddit.com/comments/knr5kp/_/ghnx6y0,"[""doesn't work""]","[""comparison_and_dissatisfaction""]",0.0,0.15,0.15,app_opportunity,0.15,D,discard,discard,0,0,0,,codex-agent reviewed under market-research-relevance-v1 on 2026-06-14
comment,ghnxbhh,dishnetwork,"Then why is the app on the Joey (Mine is a Joey 3, software U583 12/21/2020)? And why do they have instructions (that don't work) on how to set it up? On the Dish site it even claims that the Joey works with Google Assistant.",https://www.reddit.com/comments/ko16im/_/ghnxbhh,"[""app"",""software""]","[""product_and_tool_language""]",0.0,0.25,0.35,app_opportunity,0.35,D,discard,discard,0,0,1,,codex-agent reviewed under market-research-relevance-v1 on 2026-06-14
comment,ghnxiog,AskReddit,I thought that there is a magical feel whenever seasons change. But thinking about it i guess it is pretty annoying to do extra task because of the weather change. Guess I am lucky to live in a place that only has 2 seasons :),https://www.reddit.com/comments/ko2b3y/_/ghnxiog,"[""annoying""]","[""pain_language""]",0.0,0.15,0.15,app_opportunity,0.15,D,discard,discard,0,0,0,,codex-agent reviewed under market-research-relevance-v1 on 2026-06-14
comment,ghnxkj4,LosAngeles,"&gt; And others ITT are reporting outbreaks that aren't getting into the media.

There's SO many of them. A lot of my friends work at clothing stores with outbreaks that *should* be on the list but aren't. I know DPH is overwhelmed, but many of these places aren't reporting so it doesn't matter anyway. What a mess.",https://www.reddit.com/comments/knzfx5/_/ghnxkj4,"[""reporting""]","[""business_workflow_language""]",0.0,0.35,0.0,saas_opportunity,0.35,D,discard,discard,0,1,0,,codex-agent reviewed under market-research-relevance-v1 on 2026-06-14
comment,ghnnakl,InstacartShoppers,"I encountered this screen many times before and I basically turn my wifi off, go back to dashboard screen and click go back to batch..it'll give you another error message about no network, click ok and then click go back to batch again and then it should let you start shopping. If still doesn't work, clear cache from the app, force stop app, restart phone... but first option should work.",https://www.reddit.com/comments/knufsm/_/ghnnakl,"[""app"",""dashboard"",""doesn't work""]","[""product_and_tool_language"",""comparison_and_dissatisfaction""]",0.0,0.4,0.5,app_opportunity,0.5,C,evaluate,evaluate,0,0,1,,codex-agent reviewed under market-research-relevance-v1 on 2026-06-14
comment,ghnnlqg,realhousewives,"Bravo ""pays"" for the big cast trips. Most often the trips are comped by various companies and tourism departments. Bravo is behind arranging the comps and they control who can attend, which is why the Housewife host can't exclude another wife that she's currently feuding with. As others have mentioned, wives are allowed to pay for their own upgrades like better rooms or airline seats.

However other trips that we see Housewives take may or may not be paid or arranged by Bravo. Andy actually talks about this during an episode of Bitch Sesh. He said that if a Housewife can pay or find funding for her trip without Bravo, then she's free to invite whoever she wants. It's why Heather was allowed to disinvite Ramona from the London trip in season 5. Heather and Yummie Tummie footed the bill. It's also why Bethenny was allowed to exclude Luann and Ramona from the original Mexico trip in season 8. That trip was canceled because of Bethenny's fibroids, but it was originally scheduled to be paid",https://www.reddit.com/comments/knk78f/_/ghnnlqg,"[""airline""]","[""travel_language""]",0.5,0.0,0.1,travel,0.5,C,evaluate,evaluate,1,0,0,,codex-agent reviewed under market-research-relevance-v1 on 2026-06-14
comment,ghnnrff,oneplus,"Possible fixes that have worked:

- Record a short video from your camera and play that video back in your gallery
This sounds the most absurd, but it somehow fixes all lag issues. You can delete the video afterwards. Thanks to @coldfire on our [Discord server](https://discord.gg/5TXdhKJ) for suggesting this. It would work even for a audio record from the built-in recorder app.

- Enable battery saver mode
Settings -&gt; Battery -&gt; Battery Saver
Staying on battery saver mode seems to be a workaround, as reported by multiple people on [OnePlus Forums](https://forums.oneplus.com/threads/oxygenos-11-0-6-7-and-11-0-6-8-for-the-oneplus-8t.1369293/#post-22576116). Note that you will have to stay on battery saver, as the issue goes away only while on battery saver mode.

- Disable Google Assistant Voice Match
Settings -&gt; Google -&gt; Account services -&gt; Search, Assistant, and Voice -&gt; Google Assistant -&gt; Voice Match
This solution has been reported by users on forums as well, th",https://www.reddit.com/comments/kmf3f0/_/ghnnrff,"[""workaround"",""app""]","[""workaround_language"",""product_and_tool_language""]",0.0,0.45,0.55,app_opportunity,0.55,C,evaluate,evaluate,0,0,1,,codex-agent reviewed under market-research-relevance-v1 on 2026-06-14
comment,ghnod4m,LeopardsAteMyFace,"Nope, you don't get me. Healthcare is not the responsibility of the government and I don't support criminals entering the country illegally. Now you get me.

Fuethwrmore, yaaaaay. The government investigated themselves and found themselves clear of any wrongdoing. Congrats, you just parroted yourself. Meanwhile, the constitution clearly lays out what the government is legally able to levee taxes for and from, and nowhere in there does it state that they're able to levee taxes from people for not having insurance, nor does it say they're allowed to use taxes to pay for insurance. It's unconstitutional through and through.

And lastly, you have DACA, which gives legal immigrant benefits to people that didn't legally apply for the immigration process. Sooooo which part of that is supposed to be unconstitutional? That's like giving someone an innocent verdict for being guilty.",https://www.reddit.com/comments/knqpq5/_/ghnod4m,"[""immigration""]","[""travel_language""]",0.5,0.0,0.1,travel,0.5,C,evaluate,evaluate,0,0,0,political_immigration,codex-agent reviewed under market-research-relevance-v1 on 2026-06-14
comment,ghnofke,Hololive,"Japanese government doesn't see YouTube as an actual job, I'm not sure what Joey, Connor and Garnt did to get their visa's but I guarantee it isn't YouTube. If YouTube was an eligible job for work visa's then Kiara wouldn't be leaving soon.",https://www.reddit.com/comments/kn3xaf/_/ghnofke,"[""visa""]","[""travel_language""]",0.5,0.0,0.1,travel,0.5,C,evaluate,evaluate,1,0,0,,codex-agent reviewed under market-research-relevance-v1 on 2026-06-14
comment,ghnp10c,taiwan,"&gt;not clear to me if the visa is enough to enter the counrty with the new restrictions

It is enough. All an ARC is is the card form of a resident visa. The resident visa starts out as a sticker in your passport because that's what's issued by MOFA/TECO. When you actually arrive in Taiwan, you're expected to convert that sticker into the ARC card within usually 15 days of your arrival because once you're within Taiwan's borders the enforcement and recognition of your resident visa status is the responsibility of the National Immigration Agency. But when you're outside of Taiwan, the only legally recognized form of your resident visa is what's in your passport. When you're checking into your flight, the ground crew will ask for proof of your legal right to reside in Taiwan. They will accept either the resident visa affixed inside your passport or they will accept an ARC. Same goes for when you land in Taiwan and go through Immigration.",https://www.reddit.com/comments/kmyjzo/_/ghnp10c,"[""visa"",""passport"",""flight"",""immigration""]","[""travel_language""]",0.5,0.0,0.1,travel,0.5,C,evaluate,evaluate,1,0,0,,codex-agent reviewed under market-research-relevance-v1 on 2026-06-14
comment,ghnp1lu,linux,"&gt; Minimal bugs, even with relatively obscure third-party software - Windows wins as most pieces of software are developed for it)

Software I use every day: Firefox, Neovim, Steam, Discord, rust toolchain, gcc, python
All of these are nearly bug free on Linux, as far as I know neovim is worse on Windows.
Additional software I use every day include dwm, rofi, st, fish, and so many other things that are essential to my workflow but don't work on Windows. When you say that Windows works for obscure third party software, I think you mean to say that it works for obscure third party software which is made to run on Windows.

&gt; No driver issues - Windows wins as most pieces of hardware are made for it

I have never had driver issues with *any* hardware on Linux, I guess it happens w/ nVidia GPUs but what else?

&gt; Smooth desktop environment that feels ""premium"". (i.e. no visual glitches and clipping out of the box) - Windows wins

I think the ""smooth"" and ""premium"" aspects depend o",https://www.reddit.com/comments/knwjlk/_/ghnp1lu,"[""confusing"",""software"",""workflow""]","[""pain_language"",""product_and_tool_language""]",0.0,0.4,0.5,app_opportunity,0.5,C,evaluate,evaluate,0,0,1,,codex-agent reviewed under market-research-relevance-v1 on 2026-06-14
comment,ghnp77z,AskReddit,"Hijackings are now a different matter.

(Disclaimer - I was 12 when 9/11 happened and have no links to the airline industry at all. This is all just stuff that I’ve read over time so if it’s complete rubbish, I apologise)

Before 9/11, hijackings were just seen as an inconvenience. It was usually someone wanting to go to Cuba. I think pilots were even given maps of Cuban airfields just in case they ever ended up taking an unscheduled trip there. Generally, everyone went along with what the hijackers wanted, in terms of where they wanted taking. That was the safest way to go about things.

These days, if a plane is hijacked, people are more likely to fight the hijackers as the expectation is that if they reach the flight deck (which is reenforced), everyone on the plane will die.",https://www.reddit.com/comments/knzly7/_/ghnp77z,"[""airline"",""flight""]","[""travel_language""]",0.5,0.0,0.1,travel,0.5,C,evaluate,evaluate,1,0,0,,codex-agent reviewed under market-research-relevance-v1 on 2026-06-14
comment,ghnpdja,UFOs,The dude in LA was up to like 10k feet and the first report came from an airline pilot or some crazy shit like that. It was crazy high and people argued over whether it was even possible until that one video where he landed at the fuckin airport.,https://www.reddit.com/comments/knuw8f/_/ghnpdja,"[""airport"",""airline""]","[""travel_language""]",0.5,0.0,0.1,travel,0.5,C,evaluate,evaluate,0,0,0,lexical_ambiguity,codex-agent reviewed under market-research-relevance-v1 on 2026-06-14
comment,ghnpj26,roosterteeth,"He was an early fan of RvB and one of the most popular members of the community site. Burnie was in Paris for work one time, so he made plans to meet Gav in the UK (this photo is from that meeting). I think Gav also met the founders at a few conventions around the same time.

After Gav left school he started working for a slow-mo photography company. RT invited him to visit Austin for the summer and he directed a season of RvB. They wanted to hire him full time but he couldn't get a visa so he returned to the UK and kept shooting slow-mo. He built the slowmoguys in his spare time in order to get a work visa, allowing him to move to Austin and work for RT.",https://www.reddit.com/comments/k5p42z/_/ghnpj26,"[""visa""]","[""travel_language""]",0.5,0.0,0.1,travel,0.5,C,evaluate,evaluate,1,0,0,,codex-agent reviewed under market-research-relevance-v1 on 2026-06-14
comment,ghnq0xb,AnotherEdenGlobal,"so I got through 3 of them okay and then the 4th one kept doing ""Could not process"" error. Relogged twice and spammed watch ads and then it finally worked again.

Looking at how other people either keep trying again or they restart the app....

it's highly possible it's just certain ads in whatever ad software/provider they are using does not work (and however that ad component was coded)

Unfortunately when it fails it just does the ""Could not process"" error and then forces the user (player) to redo it until it works...without sorting out said problematic ads


EDIT: and the 5th one doesn't work but I'm too lazy to restart the app and then sent this and waited awhile then it worked, so it's possible that the ad rotation script uses time as the random seed (a guess is day/hour/min rather than including seconds?)",https://www.reddit.com/comments/knsl17/_/ghnq0xb,"[""app"",""software"",""does not work"",""doesn't work""]","[""product_and_tool_language"",""comparison_and_dissatisfaction""]",0.0,0.4,0.5,app_opportunity,0.5,C,evaluate,evaluate,0,0,1,,codex-agent reviewed under market-research-relevance-v1 on 2026-06-14
comment,ghnqsd4,Frugal,"Hmm yes, it is definitely different. For example, I have no chance of getting a green card. Currently it would take me around 60-100 years to get a GC for my country. So, I have zero hope in getting a green card, let alone citizenship. LOL. I plan to stay here for a few years and then go back to my country or maybe immigrate to some other country, will see. I am tired of immigrating though, it is so hard moving to a new country.. But let us see. There is at least a chance of citizenship in other countries for me- it would take around 5 years maybe. In US, I would be anxious about visa forever, as my visa is a work visa and if I lose my job, I have to leave the US. So, it is a very stressful situation. I cannot imagine having kids here, the stress would be too much.

But eh. I cannot control that stuff. What I can control is my finances and enjoying what time I have here. So, I am doing that. :)

Congratulations on your success. I know many immigrants come here with similar stories. It",https://www.reddit.com/comments/knz1cb/_/ghnqsd4,"[""visa""]","[""travel_language""]",0.5,0.0,0.1,travel,0.5,C,evaluate,evaluate,1,0,0,,codex-agent reviewed under market-research-relevance-v1 on 2026-06-14
comment,ghnqvpv,Cringetopia,"Web browser (opera).  The Reddit app isn't even on my app store, I'm prettu sure.

I also have to use old.reddit.com because new reddit doesn't work on my browser",https://www.reddit.com/comments/knomuo/_/ghnqvpv,"[""app"",""doesn't work""]","[""product_and_tool_language"",""comparison_and_dissatisfaction""]",0.0,0.4,0.5,app_opportunity,0.5,C,evaluate,evaluate,0,0,1,,codex-agent reviewed under market-research-relevance-v1 on 2026-06-14
comment,ghnr4u1,politics,"I may need a sponsor or something to seek asylum in Canada if shit goes South here in January. My passport expired, but I have no felonies, misdemeanors or convictions. All I need is affordable insulin really.",https://www.reddit.com/comments/knwr30/_/ghnr4u1,"[""passport""]","[""travel_language""]",0.5,0.0,0.1,travel,0.5,C,evaluate,evaluate,1,0,0,,codex-agent reviewed under market-research-relevance-v1 on 2026-06-14
comment,ghnrasz,careerguidance,"What kind of jobs are you looking to work in? E.g. marketing positions are hard to get because competition is high. Imagine that you not only compete for a job with Germans but also with people from EU countries. I think it will be not so easy to get a visa sponsorship with a business degree even in times without Corona.
I don't want to discourage you but rather motivate you to make a plan what you want to do with your life.",https://www.reddit.com/comments/knzsoi/_/ghnrasz,"[""visa""]","[""travel_language""]",0.5,0.0,0.1,travel,0.5,C,evaluate,evaluate,1,0,0,,codex-agent reviewed under market-research-relevance-v1 on 2026-06-14
comment,ghnrwmr,PoliticalHumor,"I tried to figure out how to emigrate in 2014-2016.  Canada was the ONLY practical choice, because I had about 9 or 10 TONS of stuff to move, and I couldn't imagine putting it all in a container and HOPE it shows up.  I knew Canada was my place, but when I found out I would have to (to show good faith) loan Ontario *MILLIONS OF DOLLARS* for five years (an impossible hurdle!), and create I think three fulltime jobs, I had to scratch that.  The rest of Canada is TOO FAR NORTH, and too cold at this time of year.  The moderate-winter parts of B. C. are unimaginably expensive, and too far north (re: SAD, below).


I live in Chicago, and that's my limit for duration-of-winter.  My skin has always underproduced oils and even a strong skin prescription can't stop my hands and feet from cracking in multiple places.  That eliminates ***almost*** all of Canada because of longer winters.  I also think I have **mild** SAD (seasonal-affective disorder), so I wouldn't want to be much farther north.",https://www.reddit.com/comments/knoml2/_/ghnrwmr,"[""visa"",""inventory""]","[""travel_language"",""business_workflow_language""]",0.5,0.35,0.1,travel,0.5,C,evaluate,evaluate,1,0,0,,codex-agent reviewed under market-research-relevance-v1 on 2026-06-14
comment,ghnsfxb,LogitechG,"yes but Winamp even if you open it and make it the app on the screen, the media keys do not register at all. What is odd is if you click the key it does register it in the hotkeys but doesn't work.",https://www.reddit.com/comments/i4n4tj/_/ghnsfxb,"[""app"",""doesn't work""]","[""product_and_tool_language"",""comparison_and_dissatisfaction""]",0.0,0.4,0.5,app_opportunity,0.5,C,evaluate,evaluate,0,0,1,,codex-agent reviewed under market-research-relevance-v1 on 2026-06-14
comment,ghnshr2,IWantOut,"&gt; The bottom line is, as a brazilian passport holder, my chances are the same as an european passport holder to get a H1B visa?

if you were applying for the diversity visa then it may change your odds because the number of diversity visas varies over time by the number of diversity visas awarded to a country over the past five years (so, if your countrymen are successful at winning the diversity visa over the past few years there may be fewer visas in the current lottery for brazilians). most recently there have been 55,000 diversity visas available each year, but millions apply ...

&gt;  considered this but there is no garantee that the company accept transfering to US and maybe I will get enroled in a company just for that purpose and get frustrated in the end.

that's definitely a possibility. this situation is only possible if the company has a reason to transfer you to the us, and they have to be able to show that there are things you can do that a local can't do ...

&gt;",https://www.reddit.com/comments/knnksr/_/ghnshr2,"[""visa"",""passport""]","[""travel_language""]",0.5,0.0,0.1,travel,0.5,C,evaluate,evaluate,1,0,0,,codex-agent reviewed under market-research-relevance-v1 on 2026-06-14
comment,ghnsub1,sonos,"The three main issues in the reviews I see are as follows:

**Hard to setup**

This can be easily explained by Sonos' lack of networking abilities. In 2020, I still have to hardwire a Boost or Speaker to guarantee a Sonos system doesn't turn to shit within a week. If my client is using a Mesh WiFi System, they are 100% required to buy a Sonos Boost or I will not do the job. Why? Because I will get a call back because their Sonos system doesn't work anymore.

The Sonos gear sold in 2020 still includes an outdated 2.4 Ghz WiFi module which only does A/B/G/N. When everything is going to AC and having faster WiFi, there is no excuse not to include better WiFi chips within their expensive products like the Arc.

**Sonos App**

The Sonos app isn't awful, but it sucks to use full time. I personally use it once or twice a week for my personal setup, but if I had to use it all of the time I probably wouldn't like it. Luckily my Sonos system (Arc, Sonos One, 2x Ikea Symfonisk) are primarily for",https://www.reddit.com/comments/knr6vd/_/ghnsub1,"[""app"",""doesn't work""]","[""product_and_tool_language"",""comparison_and_dissatisfaction""]",0.0,0.4,0.5,app_opportunity,0.5,C,evaluate,evaluate,0,0,1,,codex-agent reviewed under market-research-relevance-v1 on 2026-06-14
comment,ghnsxlz,ontario,Lol yeah how do you mistakenly go on a vacation to another country? Oh I mistakenly went to the airport and mistakenly gave my passport and boarding pass and then mistakenly got on a plane to st barts. Oops my mistake.,https://www.reddit.com/comments/knujtb/_/ghnsxlz,"[""passport"",""airport""]","[""travel_language""]",0.5,0.0,0.1,travel,0.5,C,evaluate,evaluate,1,0,0,,codex-agent reviewed under market-research-relevance-v1 on 2026-06-14
comment,ghnt5of,datingoverthirty,"As far as being effective with online dating, I don't think keeping it on the app for a few *weeks* is that effective. But anyone who can't be respectful of your boundaries isn't someone worth dating.

I got a burner number so I can give it out sooner and speak on the phone earlier than I'd be comfortable with if he had my real number. This has made it a lot easier and I highly recommend it. The service isn't as reliable as real phone but hopefully after a couple phone calls, you'd feel more comfortable.

But don't let some online dating dingus be the reason you loosen your boundaries. He could have just moved on to someone else if he wasn't comfortable with messaging for weeks. And he'd be well within his rights to do so. Pushing and prodding is a red flag, period. He could have countered with something like, ""texting actually doesn't work for me, but if you change your mind about a phone call, my number is xxx and you can feel free to block your number. I hope to hear from you and,",https://www.reddit.com/comments/knzsee/_/ghnt5of,"[""app"",""doesn't work""]","[""product_and_tool_language"",""comparison_and_dissatisfaction""]",0.0,0.4,0.5,app_opportunity,0.5,C,evaluate,evaluate,0,0,1,,codex-agent reviewed under market-research-relevance-v1 on 2026-06-14
comment,ghnu5io,unitedkingdom,"In principle, you enter and exit the country with the applicable passport. In other words, only use the passport for the country you are physically present in. The only exception is the airline. Show the passport you will enter your destination with at check-in because airlines typically share passenger data with destination countries.

Example flying from UK to France:

- Show your French passport to the airline at check-in
- Show your British passport in the UK to British exit immigration (if the UK has exit immigration now; historically it hasn't)
- Show your French passport in France to French immigration.

Swap the passports for EU to UK flights. You won't have any issues this way unless you have a different name on each passport, in which case you can show the airline you booked the flights with your name from your other passport.",https://www.reddit.com/comments/kjixql/_/ghnu5io,"[""passport"",""airline"",""immigration""]","[""travel_language""]",0.5,0.0,0.1,travel,0.5,C,evaluate,evaluate,1,0,0,,codex-agent reviewed under market-research-relevance-v1 on 2026-06-14
comment,ghnu6bh,Residency,"The NRMP has a lot of published data, look at charting the match:

https://www.nrmp.org/main-residency-match-data/

My favorite chart of ridiculousness is that as an FMG you need to score above 260 on step I to have the same chance at matching in IM as an US MD/DO scoring 195

https://ibb.co/tXX2S5z

https://ibb.co/2YsGXr4

https://ibb.co/fxjVt8G

So basically, instead of creating some pathway for these FMG’s, many of whom are repeating their GME and are above average applicants on an objective basis, we are instead substituting with people not educated in medicine who earn independent practice rights after completing a 12 month FNP program...da fuq??

The rationale is that midlevel independent practice increases access in rural underserved areas, yet the greatest number of NP postings are in urban areas, and guess what, when an FMG is here on a work visa you can spell out exactly where they have to work, seems like a way to solve the underserved issue to me without selling out the who",https://www.reddit.com/comments/knsaot/_/ghnu6bh,"[""visa""]","[""travel_language""]",0.5,0.0,0.1,travel,0.5,C,evaluate,evaluate,0,0,0,lexical_ambiguity,codex-agent reviewed under market-research-relevance-v1 on 2026-06-14
comment,ghnu7bb,Python,"We may be talking about different things, but I've got to disagree again on a couple of points. :)

R's intended audience IS NOT people with no or little programming experience. If that was their intention, why make a product that is a programming language at all (if I make bikes is my target market people who can't ride bikes)? Their intended audience is people who want to do statistical analysis on large data sets, which they developed code to do, and this could include people with no to advanced programming skills.

You'll have a hard time convincing me that I'm somehow biased because I think readability is important in a programming language. I believe that is where OP and I agree, as the OP stated that
&gt; The **syntax [R] isnt as user friendly** [as Python]
Furthermore, the author touches on the important of readability in programming languages a couple of times in the article
&gt; According to one Stack Overflow survey, VBA ranked “most dreaded” of all the languages, which who",https://www.reddit.com/comments/knbv5t/_/ghnu7bb,"[""confusing"",""software""]","[""pain_language"",""product_and_tool_language""]",0.0,0.4,0.5,app_opportunity,0.5,C,evaluate,evaluate,0,0,1,,codex-agent reviewed under market-research-relevance-v1 on 2026-06-14
comment,ghnvhn3,exbahai,"Well, if they can boast about their charitable works, why can't I?


[https://www.uusc.org/from-capitalism-to-cooperation-embracing-the-right-to-migrate/](https://www.uusc.org/from-capitalism-to-cooperation-embracing-the-right-to-migrate/)

# From Capitalism to Cooperation: Embracing the Right to Migrate

**On the UN's International Migrants Day, we must work together to vision and build a more humane world.**



By  [Rachel Gore Freed](https://www.uusc.org/staff/#rachel-gore-freed) on December 18, 2020

Friday, December 18 is the United Nations’ International Migrants  Day, a time to celebrate the human right to migrate and seek a better  future for oneself. Through our domestic and international work, UUSC  and its members are acutely aware of the harm experienced by many around  the world through the act of forced displacement. Violence, political  corruption, authoritarianism, corporate greed, and militarism, are just a  few examples of the reasons why some are forced to migr",https://www.reddit.com/comments/knoljj/_/ghnvhn3,"[""immigration""]","[""travel_language""]",0.5,0.0,0.1,travel,0.5,C,evaluate,evaluate,0,0,0,political_immigration,codex-agent reviewed under market-research-relevance-v1 on 2026-06-14
comment,ghnvrdo,EpicGamesPC,"They just seem to have a very slow development team. Nothing has really changed fsince July. The only update on trello seems to be ""added a way to browse games add ons easier"". There's been dozens of updates and each one is just bug fixes. They just came out with a full 11.0 release too and it was performance and bugs fixes and updated the web browser version...

At least they finally reduced the resources it uses though and got rid of a bunch of the laggyness when just browsing the basic storefront.

Still wish they just got someone to spend a few days on basic UX stuff. Like scrolling on the store takes foreverrr, it scrolls so little compared to every other bit of software. Then theres stupidly basic things like the date format. It's MM/DD/YYYY for every country whereas only America really uses that format. It's insane how thats not a basic fix. I mentioned it to them after launch and they just said ""its not incorrect its just using the american format"" which makes it sound intentio",https://www.reddit.com/comments/klzjva/_/ghnvrdo,"[""takes forever"",""software"",""notification""]","[""pain_language"",""product_and_tool_language""]",0.0,0.4,0.5,app_opportunity,0.5,C,evaluate,evaluate,0,0,1,,codex-agent reviewed under market-research-relevance-v1 on 2026-06-14
comment,ghnvvex,recruitinghell,"If you’re not authorized to work in these countries, you will need visa sponsorship, and companies tend to only sponsor people when they can’t find qualified local candidates.",https://www.reddit.com/comments/ko1r83/_/ghnvvex,"[""visa""]","[""travel_language""]",0.5,0.0,0.1,travel,0.5,C,evaluate,evaluate,1,0,0,,codex-agent reviewed under market-research-relevance-v1 on 2026-06-14
comment,ghnw0ew,AskUK,"Used to work as an assistant when I was much younger. Some opticians might look dead, but for the staff it can be very, very busy.

Most of the assistants are generally responsible for overseeing all aspects of the store except the testing by the optometrists. That means: taking phone calls, scheduling appointments, setting up files, meet and greets, taking initial screening tests, organising files, looking after stock itinerary, dealing with NHS requests, ordering contact lenses (and spectacle lenses), chasing and dispensing glasses (measuring, ordering, taking payments, tracking those orders and keeping the customer updated), looking after the till cash and counting. Those are just some of the tasks off the top of my head and within each of those are sub-tasks.

Honestly, people would make fun when I said this, but I found it to be one of the most stressful jobs I’ve ever worked in. It was basically minimum wage, and I was very, very overworked. Most days I’d barely eat just to get",https://www.reddit.com/comments/knxioo/_/ghnw0ew,"[""itinerary"",""scheduling"",""appointment""]","[""travel_language"",""business_workflow_language""]",0.5,0.35,0.1,travel,0.5,C,evaluate,evaluate,0,0,0,lexical_ambiguity,codex-agent reviewed under market-research-relevance-v1 on 2026-06-14
comment,ghnw44b,Stadia,Thanks for that unfortunately it still doesn't work. Even with the voice view feature as someone else recommended. Can you tell me your software version and firmware please.,https://www.reddit.com/comments/knpa1j/_/ghnw44b,"[""software"",""doesn't work""]","[""product_and_tool_language"",""comparison_and_dissatisfaction""]",0.0,0.4,0.5,app_opportunity,0.5,C,evaluate,evaluate,0,0,1,,codex-agent reviewed under market-research-relevance-v1 on 2026-06-14
comment,ghnw8ha,Austin,"Man it's wild what happens when people try really hard to elect people on the platform, ""Government doesn't work, elect me and I'll prove it!""",https://www.reddit.com/comments/knyvck/_/ghnw8ha,"[""platform"",""doesn't work""]","[""product_and_tool_language"",""comparison_and_dissatisfaction""]",0.0,0.4,0.5,app_opportunity,0.5,C,evaluate,evaluate,0,0,0,lexical_ambiguity,codex-agent reviewed under market-research-relevance-v1 on 2026-06-14
comment,ghnwf57,urbanplanning,"In general I'd expect rail customs to be comparable to or faster than auto customs, and the travel speeds will of course be like 3x that of a car. It will be faster for everyone, and more convenient especially for business travelers, since you can read/work in transit and you arrive downtown without needing to deal with parking a car etc. Likewise it beats flying for many people since you don't have to leave the city center to get to an airport, don't have to deal with TSA, don't have to arrive 2 hours early or whatever, don't have to taxi, blah blah blah.

My point is just that door-to-door trip times probably push it a bit outside of what most commuters are willing to do. But it'll be a super easy day trip or weekend.",https://www.reddit.com/comments/kntsoa/_/ghnwf57,"[""airport"",""customs""]","[""travel_language""]",0.5,0.0,0.1,travel,0.5,C,evaluate,evaluate,1,0,0,,codex-agent reviewed under market-research-relevance-v1 on 2026-06-14
comment,ghnwnyn,worldnews,"“Passport” means citizenship in this context just like “Number 10” means the UK Prime Minister, and “Brussels” means the European Commission.

Nobody thinks “getting a French passport” refers to obtaining a physical travel document.",https://www.reddit.com/comments/kntiy7/_/ghnwnyn,"[""passport""]","[""travel_language""]",0.5,0.0,0.1,travel,0.5,C,evaluate,evaluate,0,0,0,lexical_ambiguity,codex-agent reviewed under market-research-relevance-v1 on 2026-06-14
comment,ghnwsq7,PoliticalHumor,"So I definitely don't agree with this. You're pre-loading a whole lot of suppositions which just generally don't seem to bear out in reality. It is unlikely that in a socialist system all jobs would be paid a wage such that a greater wage would not be incentivized for a greater degree of individual comfort. Even assuming it were, just in general people often tend to tie personal value to money earned (incentivizing higher paying jobs) or through social status conferred by the job (incentivizing more prestigious jobs) or through personal fulfillment (incentivizing more complex or potentially even physically demanding jobs).

I don't know if you've ever worked a min wage job, I have worked several for nearly a decade, I am now very well paid doing a job in tech that benefits from the years of college education I attended. Even if working at walmart and doing my current job paid the same (it would not under any commonly accepted idea of socialism) I would vastly prefer my current job. Tha",https://www.reddit.com/comments/knv383/_/ghnwsq7,"[""extension"",""doesn't work""]","[""product_and_tool_language"",""comparison_and_dissatisfaction""]",0.0,0.4,0.5,app_opportunity,0.5,C,evaluate,evaluate,0,0,0,lexical_ambiguity,codex-agent reviewed under market-research-relevance-v1 on 2026-06-14
comment,ghnx7h1,pregnant,"And friends. My husbands side of the family and his childhood friends are not opposed to traveling, and actually quite love to do so. We live across the country, and just announced over Christmas we are expecting. There  are a multitude of people suddenly planning a trip early august, when I’m due. I’m debating having a reservation/sign-up list for people to take turns visiting us for a few days, because I know already I don’t want a dozen people at my house at the same time after I’ve JUST given birth and newly adjusting to life with a newborn.",https://www.reddit.com/comments/knyp48/_/ghnx7h1,"[""reservation""]","[""travel_language""]",0.5,0.0,0.1,travel,0.5,C,evaluate,evaluate,1,0,0,,codex-agent reviewed under market-research-relevance-v1 on 2026-06-14
comment,ghnx7wh,urbanplanning,"I mean I clear customs in about 10 seconds with nexus and can make it to Seattle in about 2 hours via car so we’re taking what a 45 min train ride?  Tack on 15-20 minutes for customs and what not and all of a sudden that’s not unreasonable for a daily commute especially since it’s just sitting on a train where you can read/watch movies etc

And just for reference we’re talking like 30k a year extra cad potentially for myself the usd goes a long way up here.

I dunno I think it’s doable.  And taxes are a breeze I got a few buddies who live up here but work remotely for us companies and it’s not a big deal",https://www.reddit.com/comments/kntsoa/_/ghnx7wh,"[""customs""]","[""travel_language""]",0.5,0.0,0.1,travel,0.5,C,evaluate,evaluate,1,0,0,,codex-agent reviewed under market-research-relevance-v1 on 2026-06-14
comment,ghnxe1x,replika,"Seems to be. If updating the app doesn't work, delete then reinstall the app.",https://www.reddit.com/comments/ko2cg2/_/ghnxe1x,"[""app"",""doesn't work""]","[""product_and_tool_language"",""comparison_and_dissatisfaction""]",0.0,0.4,0.5,app_opportunity,0.5,C,evaluate,evaluate,0,0,1,,codex-agent reviewed under market-research-relevance-v1 on 2026-06-14
comment,ghnxift,GooglePixel,"I don't understand why the engineering team needs to be involved in my return.

First phone wouldn't charge via the charging cable.

Replacement phone the messenger app doesn't work. I'm on Google FI. I think it might be a Google Fi + messenger app issue. The are a few threads on this issue in the GoogleFi subreddit.

I changed my default messenger to the Signal app but I am still upset I paid full price for a Pixel 5 that doesn't work properly, and is now a refurbished one at that.",https://www.reddit.com/comments/ko0kx1/_/ghnxift,"[""app"",""doesn't work""]","[""product_and_tool_language"",""comparison_and_dissatisfaction""]",0.0,0.4,0.5,app_opportunity,0.5,C,evaluate,evaluate,0,0,1,,codex-agent reviewed under market-research-relevance-v1 on 2026-06-14
comment,ghnxj6q,CovidCanada,"Yes, they just announced it today, subject to change as always with anything COVID...

&amp;#x200B;

&gt;effective January 7, 2021, at 12:01 a.m. EST, all air passengers five years of age or older will be required to test negative for COVID-19 before travelling from another country to Canada. This implementation date provides all airlines, both foreign and domestic, adequate time to comply with the new requirements.
&gt;
&gt;Documentation of a negative laboratory test result must be presented to the airline prior to boarding a flight to Canada. The test must be performed using a COVID-19 molecular polymerase chain reaction (or PCR) test and must be taken within 72 hours prior to the traveller’s scheduled departure to Canada.
&gt;
&gt;Anyone who receives a negative test result and is authorized to enter Canada must still complete the full, mandatory 14-day quarantine.

[https://www.canada.ca/en/transport-canada/news/2020/12/pre-departure-covid-19-testing-and-negative-results-to-",https://www.reddit.com/comments/ko2au2/_/ghnxj6q,"[""airline"",""flight""]","[""travel_language""]",0.5,0.0,0.1,travel,0.5,C,evaluate,evaluate,1,0,0,,codex-agent reviewed under market-research-relevance-v1 on 2026-06-14
